1:AScaleSubClassType,ns=1;i=2488,false
1:AScaleSubClassType/Supertype,ns=1;i=2489,false
1:AbsoluteSubClassType,ns=1;i=2478,false
1:AbsoluteSubClassType/Supertype,ns=1;i=2479,false
1:AccelerationClassType,ns=1;i=2265,false
1:AccelerationClassType/Supertype,ns=1;i=2266,false
1:AccumulatedTimeClassType,ns=1;i=2267,false
1:AccumulatedTimeClassType/Supertype,ns=1;i=2268,false
1:ActionSubClassType,ns=1;i=2482,false
1:ActionSubClassType/Supertype,ns=1;i=2483,false
1:ActiveStateDataType,ns=1;i=2197,false
1:ActiveStateDataType/Default Binary,ns=1;i=2950,false
1:ActiveStateDataType/Default Binary/Description,ns=1;i=2951,false
1:ActiveStateDataType/Default Binary/Description/DictionaryFragment,ns=1;i=2952,false
1:ActiveStateDataType/Default XML,ns=1;i=2953,false
1:ActiveStateDataType/Default XML/Description,ns=1;i=2954,false
1:ActiveStateDataType/EnumStrings,ns=1;i=2949,false
1:ActualSubClassType,ns=1;i=2480,false
1:ActualSubClassType/Supertype,ns=1;i=2481,false
1:ActuatorClassType,ns=1;i=2411,false
1:ActuatorClassType/Supertype,ns=1;i=2412,false
1:ActuatorStateClassType,ns=1;i=2146,false
1:ActuatorStateClassType/EnumStrings,ns=1;i=3057,false
1:ActuatorStateClassType/Supertype,ns=1;i=2147,false
1:ActuatorType,ns=1;i=2074,false
1:ActuatorType/Supertype,ns=1;i=2075,false
1:AllSubClassType,ns=1;i=2484,false
1:AllSubClassType/Supertype,ns=1;i=2485,false
1:AlternatingSubClassType,ns=1;i=2486,false
1:AlternatingSubClassType/Supertype,ns=1;i=2487,false
1:AmperageClassType,ns=1;i=2273,false
1:AmperageClassType/Supertype,ns=1;i=2274,false
1:AngleClassType,ns=1;i=2275,false
1:AngleClassType/Supertype,ns=1;i=2276,false
1:AngularAccelerationClassType,ns=1;i=2269,false
1:AngularAccelerationClassType/Supertype,ns=1;i=2270,false
1:AngularVelocityClassType,ns=1;i=2271,false
1:AngularVelocityClassType/Supertype,ns=1;i=2272,false
1:AssetChangedClassType,ns=1;i=2405,false
1:AssetChangedClassType/Supertype,ns=1;i=2406,false
1:AssetEventDataType,ns=1;i=2618,false
1:AssetEventDataType/AssetId,ns=1;i=2619,false
1:AssetEventDataType/AssetType,ns=1;i=2620,false
1:AssetEventDataType/Default Binary,ns=1;i=2745,false
1:AssetEventDataType/Default Binary/Description,ns=1;i=2746,false
1:AssetEventDataType/Default Binary/Description/DictionaryFragment,ns=1;i=2747,false
1:AssetEventDataType/Default JSON,ns=1;i=2750,false
1:AssetEventDataType/Default XML,ns=1;i=2748,false
1:AssetEventDataType/Default XML/Description,ns=1;i=2749,false
1:AssetRemovedClassType,ns=1;i=2407,false
1:AssetRemovedClassType/Supertype,ns=1;i=2408,false
1:Association,ns=1;i=3649,false
1:Association/compositionKind,ns=1;i=3650,false
1:Association/direction,ns=1;i=3651,false
1:AuxiliariesType,ns=1;i=2076,false
1:AuxiliariesType/Supertype,ns=1;i=2077,false
1:AuxiliarySubClassType,ns=1;i=2490,false
1:AuxiliarySubClassType/Supertype,ns=1;i=2491,false
1:AvailabilityClassType,ns=1;i=2149,false
1:AvailabilityClassType/EnumStrings,ns=1;i=3058,false
1:AvailabilityClassType/Supertype,ns=1;i=2150,false
1:AvailabilityDataType,ns=1;i=2198,false
1:AvailabilityDataType/Default Binary,ns=1;i=2956,false
1:AvailabilityDataType/Default Binary/Description,ns=1;i=2957,false
1:AvailabilityDataType/Default Binary/Description/DictionaryFragment,ns=1;i=2958,false
1:AvailabilityDataType/Default XML,ns=1;i=2959,false
1:AvailabilityDataType/Default XML/Description,ns=1;i=2960,false
1:AvailabilityDataType/EnumStrings,ns=1;i=2955,false
1:AxesType,ns=1;i=2078,false
1:AxesType/Supertype,ns=1;i=2079,false
1:AxisCouplingClassType,ns=1;i=2152,false
1:AxisCouplingClassType/EnumStrings,ns=1;i=3059,false
1:AxisCouplingClassType/Supertype,ns=1;i=2153,false
1:AxisCouplingDataType,ns=1;i=2199,false
1:AxisCouplingDataType/Default Binary,ns=1;i=2962,false
1:AxisCouplingDataType/Default Binary/Description,ns=1;i=2963,false
1:AxisCouplingDataType/Default Binary/Description/DictionaryFragment,ns=1;i=2964,false
1:AxisCouplingDataType/Default XML,ns=1;i=2965,false
1:AxisCouplingDataType/Default XML/Description,ns=1;i=2966,false
1:AxisCouplingDataType/EnumStrings,ns=1;i=2961,false
1:AxisFeedrateClassType,ns=1;i=2277,false
1:AxisFeedrateClassType/Supertype,ns=1;i=2278,false
1:AxisFeedrateOverrideClassType,ns=1;i=2347,false
1:AxisFeedrateOverrideClassType/Supertype,ns=1;i=2348,false
1:AxisInterlockClassType,ns=1;i=2155,false
1:AxisInterlockClassType/EnumStrings,ns=1;i=3060,false
1:AxisInterlockClassType/Supertype,ns=1;i=2156,false
1:AxisStateClassType,ns=1;i=2158,false
1:AxisStateClassType/EnumStrings,ns=1;i=3061,false
1:AxisStateClassType/Supertype,ns=1;i=2159,false
1:AxisStateDataType,ns=1;i=2200,false
1:AxisStateDataType/Default Binary,ns=1;i=2968,false
1:AxisStateDataType/Default Binary/Description,ns=1;i=2969,false
1:AxisStateDataType/Default Binary/Description/DictionaryFragment,ns=1;i=2970,false
1:AxisStateDataType/Default XML,ns=1;i=2971,false
1:AxisStateDataType/Default XML/Description,ns=1;i=2972,false
1:AxisStateDataType/EnumStrings,ns=1;i=2967,false
1:BScaleSubClassType,ns=1;i=2496,false
1:BScaleSubClassType/Supertype,ns=1;i=2497,false
1:BadSubClassType,ns=1;i=2492,false
1:BadSubClassType/Supertype,ns=1;i=2493,false
1:BarFeederInterfaceType,ns=1;i=2080,false
1:BarFeederInterfaceType/Supertype,ns=1;i=2081,false
1:BarFeederType,ns=1;i=2082,false
1:BarFeederType/Supertype,ns=1;i=2083,false
1:BlockClassType,ns=1;i=2363,false
1:BlockClassType/Supertype,ns=1;i=2364,false
1:BlockCountClassType,ns=1;i=2349,false
1:BlockCountClassType/Supertype,ns=1;i=2350,false
1:BrinellSubClassType,ns=1;i=2494,false
1:BrinellSubClassType/Supertype,ns=1;i=2495,false
1:CScaleSubClassType,ns=1;i=2504,false
1:CScaleSubClassType/Supertype,ns=1;i=2505,false
1:ChuckInterfaceType,ns=1;i=2084,false
1:ChuckInterfaceType/Supertype,ns=1;i=2085,false
1:ChuckInterlockClassType,ns=1;i=2161,false
1:ChuckInterlockClassType/EnumStrings,ns=1;i=3062,false
1:ChuckInterlockClassType/Supertype,ns=1;i=2162,false
1:ChuckStateClassType,ns=1;i=2164,false
1:ChuckStateClassType/EnumStrings,ns=1;i=3063,false
1:ChuckStateClassType/Supertype,ns=1;i=2165,false
1:ChuckType,ns=1;i=2086,false
1:ChuckType/Supertype,ns=1;i=2087,false
1:Class,ns=1;i=3652,false
1:Class/isActive,ns=1;i=3653,false
1:ClockTimeClassType,ns=1;i=2279,false
1:ClockTimeClassType/Supertype,ns=1;i=2280,false
1:CloseChuckClassType,ns=1;i=2256,false
1:CloseChuckClassType/EnumStrings,ns=1;i=3088,false
1:CloseChuckClassType/Supertype,ns=1;i=2257,false
1:CloseDoorClassType,ns=1;i=2250,false
1:CloseDoorClassType/EnumStrings,ns=1;i=3086,false
1:CloseDoorClassType/Supertype,ns=1;i=2251,false
1:CommandedSubClassType,ns=1;i=2498,false
1:CommandedSubClassType/Supertype,ns=1;i=2499,false
1:CommunicationsClassType,ns=1;i=2413,false
1:CommunicationsClassType/Supertype,ns=1;i=2414,false
1:CompositionStateClassType,ns=1;i=2173,false
1:CompositionStateClassType/EnumStrings,ns=1;i=3066,false
1:CompositionStateClassType/Supertype,ns=1;i=2174,false
1:CompositionStateDataType,ns=1;i=2202,false
1:CompositionStateDataType/Default Binary,ns=1;i=2974,false
1:CompositionStateDataType/Default Binary/Description,ns=1;i=2975,false
1:CompositionStateDataType/Default Binary/Description/DictionaryFragment,ns=1;i=2976,false
1:CompositionStateDataType/Default XML,ns=1;i=2977,false
1:CompositionStateDataType/Default XML/Description,ns=1;i=2978,false
1:CompositionStateDataType/EnumStrings,ns=1;i=2973,false
1:ConcentrationClassType,ns=1;i=2281,false
1:ConcentrationClassType/Supertype,ns=1;i=2282,false
1:ConductivityClassType,ns=1;i=2283,false
1:ConductivityClassType/Supertype,ns=1;i=2284,false
1:ControlSubClassType,ns=1;i=2502,false
1:ControlSubClassType/Supertype,ns=1;i=2503,false
1:ControllerModeClassType,ns=1;i=2167,false
1:ControllerModeClassType/EnumStrings,ns=1;i=3064,false
1:ControllerModeClassType/Supertype,ns=1;i=2168,false
1:ControllerModeDataType,ns=1;i=2203,false
1:ControllerModeDataType/Default Binary,ns=1;i=2980,false
1:ControllerModeDataType/Default Binary/Description,ns=1;i=2981,false
1:ControllerModeDataType/Default Binary/Description/DictionaryFragment,ns=1;i=2982,false
1:ControllerModeDataType/Default XML,ns=1;i=2983,false
1:ControllerModeDataType/Default XML/Description,ns=1;i=2984,false
1:ControllerModeDataType/EnumStrings,ns=1;i=2979,false
1:ControllerModeOverrideClassType,ns=1;i=2176,false
1:ControllerModeOverrideClassType/EnumStrings,ns=1;i=3067,false
1:ControllerModeOverrideClassType/Supertype,ns=1;i=2177,false
1:ControllerType,ns=1;i=2088,false
1:ControllerType/Supertype,ns=1;i=2089,false
1:CoolantType,ns=1;i=2090,false
1:CoolantType/Supertype,ns=1;i=2091,false
1:CoupledAxesClassType,ns=1;i=2365,false
1:CoupledAxesClassType/Supertype,ns=1;i=2366,false
1:DScaleSubClassType,ns=1;i=2512,false
1:DScaleSubClassType/Supertype,ns=1;i=2513,false
1:DataRangeClassType,ns=1;i=2415,false
1:DataRangeClassType/Supertype,ns=1;i=2416,false
1:DelaySubClassType,ns=1;i=2506,false
1:DelaySubClassType/Supertype,ns=1;i=2507,false
1:Deprecated,ns=1;i=2686,false
1:DielectricType,ns=1;i=2092,false
1:DielectricType/Supertype,ns=1;i=2093,false
1:DirectSubClassType,ns=1;i=2508,false
1:DirectSubClassType/Supertype,ns=1;i=2509,false
1:DirectionClassType,ns=1;i=2179,false
1:DirectionClassType/EnumStrings,ns=1;i=3068,false
1:DirectionClassType/Supertype,ns=1;i=2180,false
1:DirectionDataType,ns=1;i=2205,false
1:DirectionDataType/Default Binary,ns=1;i=2986,false
1:DirectionDataType/Default Binary/Description,ns=1;i=2987,false
1:DirectionDataType/Default Binary/Description/DictionaryFragment,ns=1;i=2988,false
1:DirectionDataType/Default XML,ns=1;i=2989,false
1:DirectionDataType/Default XML/Description,ns=1;i=2990,false
1:DirectionDataType/EnumStrings,ns=1;i=2985,false
1:DisplacementClassType,ns=1;i=2285,false
1:DisplacementClassType/Supertype,ns=1;i=2286,false
1:DoorInterfaceType,ns=1;i=2094,false
1:DoorInterfaceType/Supertype,ns=1;i=2095,false
1:DoorStateClassType,ns=1;i=2182,false
1:DoorStateClassType/EnumStrings,ns=1;i=3069,false
1:DoorStateClassType/Supertype,ns=1;i=2183,false
1:DoorType,ns=1;i=2096,false
1:DoorType/Supertype,ns=1;i=2097,false
1:DryRunSubClassType,ns=1;i=2510,false
1:DryRunSubClassType/Supertype,ns=1;i=2511,false
1:ElectricType,ns=1;i=2098,false
1:ElectricType/Supertype,ns=1;i=2099,false
1:ElectricalEnergyClassType,ns=1;i=2287,false
1:ElectricalEnergyClassType/Supertype,ns=1;i=2288,false
1:EmergencyStopClassType,ns=1;i=2185,false
1:EmergencyStopClassType/EnumStrings,ns=1;i=3070,false
1:EmergencyStopClassType/Supertype,ns=1;i=2186,false
1:EmergencyStopDataType,ns=1;i=2207,false
1:EmergencyStopDataType/Default Binary,ns=1;i=2992,false
1:EmergencyStopDataType/Default Binary/Description,ns=1;i=2993,false
1:EmergencyStopDataType/Default Binary/Description/DictionaryFragment,ns=1;i=2994,false
1:EmergencyStopDataType/Default XML,ns=1;i=2995,false
1:EmergencyStopDataType/Default XML/Description,ns=1;i=2996,false
1:EmergencyStopDataType/EnumStrings,ns=1;i=2991,false
1:EnclosureType,ns=1;i=2100,false
1:EnclosureType/Supertype,ns=1;i=2101,false
1:EndOfBarClassType,ns=1;i=2188,false
1:EndOfBarClassType/EnumStrings,ns=1;i=3071,false
1:EndOfBarClassType/Supertype,ns=1;i=2189,false
1:EnvironmentalType,ns=1;i=2102,false
1:EnvironmentalType/Supertype,ns=1;i=2103,false
1:EquipmentModeClassType,ns=1;i=2191,false
1:EquipmentModeClassType/EnumStrings,ns=1;i=3072,false
1:EquipmentModeClassType/Supertype,ns=1;i=2192,false
1:EquipmentTimerClassType,ns=1;i=2289,false
1:EquipmentTimerClassType/Supertype,ns=1;i=2290,false
1:ExecutionClassType,ns=1;i=2170,false
1:ExecutionClassType/EnumStrings,ns=1;i=3065,false
1:ExecutionClassType/Supertype,ns=1;i=2171,false
1:ExecutionDataType,ns=1;i=2262,false
1:ExecutionDataType/Default Binary,ns=1;i=2998,false
1:ExecutionDataType/Default Binary/Description,ns=1;i=2999,false
1:ExecutionDataType/Default Binary/Description/DictionaryFragment,ns=1;i=3000,false
1:ExecutionDataType/Default XML,ns=1;i=3001,false
1:ExecutionDataType/Default XML/Description,ns=1;i=3002,false
1:ExecutionDataType/EnumStrings,ns=1;i=2997,false
1:FeederType,ns=1;i=2104,false
1:FeederType/Supertype,ns=1;i=2105,false
1:FillLevelClassType,ns=1;i=2291,false
1:FillLevelClassType/Supertype,ns=1;i=2292,false
1:FixtureSubClassType,ns=1;i=2514,false
1:FixtureSubClassType/Supertype,ns=1;i=2515,false
1:FlowClassType,ns=1;i=2293,false
1:FlowClassType/Supertype,ns=1;i=2294,false
1:FrequencyClassType,ns=1;i=2295,false
1:FrequencyClassType/Supertype,ns=1;i=2296,false
1:FunctionalModeClassType,ns=1;i=2194,false
1:FunctionalModeClassType/EnumStrings,ns=1;i=3073,false
1:FunctionalModeClassType/Supertype,ns=1;i=2195,false
1:FunctionalModeDataType,ns=1;i=2208,false
1:FunctionalModeDataType/Default Binary,ns=1;i=3004,false
1:FunctionalModeDataType/Default Binary/Description,ns=1;i=3005,false
1:FunctionalModeDataType/Default Binary/Description/DictionaryFragment,ns=1;i=3006,false
1:FunctionalModeDataType/Default XML,ns=1;i=3007,false
1:FunctionalModeDataType/Default XML/Description,ns=1;i=3008,false
1:FunctionalModeDataType/EnumStrings,ns=1;i=3003,false
1:GoodSubClassType,ns=1;i=2500,false
1:GoodSubClassType/Supertype,ns=1;i=2501,false
1:HardnessClassType,ns=1;i=2351,false
1:HardnessClassType/Supertype,ns=1;i=2352,false
1:HardwareClassType,ns=1;i=2419,false
1:HardwareClassType/Supertype,ns=1;i=2420,false
1:HasMTClassType,ns=1;i=2680,false
1:HasMTClassType/Supertype,ns=1;i=2682,false
1:HasMTClassType/Symmetric,ns=1;i=2681,false
1:HasMTComposition,ns=1;i=2687,false
1:HasMTComposition/Supertype,ns=1;i=2688,false
1:HasMTReference,ns=1;i=2672,false
1:HasMTReference/Supertype,ns=1;i=2673,false
1:HasMTSource,ns=1;i=2689,false
1:HasMTSource/Supertype,ns=1;i=2690,false
1:HasMTSubClassType,ns=1;i=2683,false
1:HasMTSubClassType/Supertype,ns=1;i=2685,false
1:HasMTSubClassType/Symmetric,ns=1;i=2684,false
1:HydraulicType,ns=1;i=2106,false
1:HydraulicType/Supertype,ns=1;i=2107,false
1:IncrementalSubClassType,ns=1;i=2516,false
1:IncrementalSubClassType/Supertype,ns=1;i=2517,false
1:InterfaceStateClassType,ns=1;i=2227,false
1:InterfaceStateClassType/EnumStrings,ns=1;i=3079,false
1:InterfaceStateClassType/Supertype,ns=1;i=2228,false
1:InterfaceStateDataType,ns=1;i=2234,false
1:InterfaceStateDataType/Default Binary,ns=1;i=3010,false
1:InterfaceStateDataType/Default Binary/Description,ns=1;i=3011,false
1:InterfaceStateDataType/Default Binary/Description/DictionaryFragment,ns=1;i=3012,false
1:InterfaceStateDataType/Default XML,ns=1;i=3013,false
1:InterfaceStateDataType/Default XML/Description,ns=1;i=3014,false
1:InterfaceStateDataType/EnumStrings,ns=1;i=3009,false
1:InterfaceStatusDataType,ns=1;i=2230,false
1:InterfaceStatusDataType/Default Binary,ns=1;i=3016,false
1:InterfaceStatusDataType/Default Binary/Description,ns=1;i=3017,false
1:InterfaceStatusDataType/Default Binary/Description/DictionaryFragment,ns=1;i=3018,false
1:InterfaceStatusDataType/Default XML,ns=1;i=3019,false
1:InterfaceStatusDataType/Default XML/Description,ns=1;i=3020,false
1:InterfaceStatusDataType/EnumStrings,ns=1;i=3015,false
1:InterfacesType,ns=1;i=2108,false
1:InterfacesType/Supertype,ns=1;i=2109,false
1:JobSubClassType,ns=1;i=2518,false
1:JobSubClassType/Supertype,ns=1;i=2519,false
1:KineticSubClassType,ns=1;i=2520,false
1:KineticSubClassType/Supertype,ns=1;i=2521,false
1:LateralSubClassType,ns=1;i=2522,false
1:LateralSubClassType/Supertype,ns=1;i=2523,false
1:LeebSubClassType,ns=1;i=2524,false
1:LeebSubClassType/Supertype,ns=1;i=2525,false
1:LengthClassType,ns=1;i=2297,false
1:LengthClassType/Supertype,ns=1;i=2298,false
1:LengthSubClassType,ns=1;i=2526,false
1:LengthSubClassType/Supertype,ns=1;i=2527,false
1:LineClassType,ns=1;i=2409,false
1:LineClassType/Supertype,ns=1;i=2410,false
1:LineLabelClassType,ns=1;i=2367,false
1:LineLabelClassType/Supertype,ns=1;i=2368,false
1:LineNumberClassType,ns=1;i=2353,false
1:LineNumberClassType/Supertype,ns=1;i=2354,false
1:LineSubClassType,ns=1;i=2530,false
1:LineSubClassType/Supertype,ns=1;i=2531,false
1:LinearForceClassType,ns=1;i=2299,false
1:LinearForceClassType/Supertype,ns=1;i=2300,false
1:LinearSubClassType,ns=1;i=2528,false
1:LinearSubClassType/Supertype,ns=1;i=2529,false
1:LinearType,ns=1;i=2110,false
1:LinearType/Supertype,ns=1;i=2111,false
1:LoadClassType,ns=1;i=2263,false
1:LoadClassType/Supertype,ns=1;i=2264,false
1:LoadedSubClassType,ns=1;i=2532,false
1:LoadedSubClassType/Supertype,ns=1;i=2533,false
1:LoaderType,ns=1;i=2112,false
1:LoaderType/Supertype,ns=1;i=2113,false
1:LogicProgramClassType,ns=1;i=2417,false
1:LogicProgramClassType/Supertype,ns=1;i=2418,false
1:LubricationType,ns=1;i=2114,false
1:LubricationType/Supertype,ns=1;i=2115,false
1:MTAssetEventType,ns=1;i=2621,false
1:MTAssetEventType/Category,ns=1;i=2753,false
1:MTAssetEventType/Constraints,ns=1;i=2760,false
1:MTAssetEventType/Constraints/Maximum,ns=1;i=2763,false
1:MTAssetEventType/Constraints/Minimum,ns=1;i=2762,false
1:MTAssetEventType/Constraints/Nominal,ns=1;i=2764,false
1:MTAssetEventType/Constraints/Values,ns=1;i=2761,false
1:MTAssetEventType/DataType,ns=1;i=2622,false
1:MTAssetEventType/MTSubTypeName,ns=1;i=2755,false
1:MTAssetEventType/MTTypeName,ns=1;i=2754,false
1:MTAssetEventType/Mixes In,ns=1;i=3640,false
1:MTAssetEventType/Name,ns=1;i=2752,false
1:MTAssetEventType/PeriodFilter,ns=1;i=2759,false
1:MTAssetEventType/Representation,ns=1;i=2758,false
1:MTAssetEventType/SampleRate,ns=1;i=2757,false
1:MTAssetEventType/SourceData,ns=1;i=2756,false
1:MTAssetEventType/Supertype,ns=1;i=2624,false
1:MTAssetEventType/ValueRank,ns=1;i=2623,false
1:MTAssetEventType/XmlId,ns=1;i=2751,false
1:MTCategoryType,ns=1;i=2634,false
1:MTCategoryType/Default Binary,ns=1;i=2766,false
1:MTCategoryType/Default Binary/Description,ns=1;i=2767,false
1:MTCategoryType/Default Binary/Description/DictionaryFragment,ns=1;i=2768,false
1:MTCategoryType/Default XML,ns=1;i=2769,false
1:MTCategoryType/Default XML/Description,ns=1;i=2770,false
1:MTCategoryType/EnumStrings,ns=1;i=2765,false
1:MTChannelType,ns=1;i=2059,false
1:MTChannelType/CalibrationDate,ns=1;i=2063,false
1:MTChannelType/CalibrationInitials,ns=1;i=2065,false
1:MTChannelType/MTDescription,ns=1;i=2062,false
1:MTChannelType/Name,ns=1;i=2061,false
1:MTChannelType/NextCalibrationDate,ns=1;i=2064,false
1:MTChannelType/Number,ns=1;i=2060,false
1:MTChannelType/Supertype,ns=1;i=2066,false
1:MTComponentType,ns=1;i=2021,false
1:MTComponentType/<MTAssetEvent>,ns=1;i=2037,false
1:MTComponentType/<MTCondition>,ns=1;i=2039,false
1:MTComponentType/<MTControlledVocabEvent>,ns=1;i=2032,false
1:MTComponentType/<MTMessage>,ns=1;i=2036,false
1:MTComponentType/<MTNumericEvent>,ns=1;i=2033,false
1:MTComponentType/<MTSample>,ns=1;i=2035,false
1:MTComponentType/<MTStringEvent>,ns=1;i=2034,false
1:MTComponentType/<MTThreeSpaceSample>,ns=1;i=2041,false
1:MTComponentType/Components,ns=1;i=2042,false
1:MTComponentType/Compositions,ns=1;i=2043,false
1:MTComponentType/Configuration,ns=1;i=2029,false
1:MTComponentType/Description,ns=1;i=2028,false
1:MTComponentType/Description/Data,ns=1;i=2740,false
1:MTComponentType/Description/Manufacturer,ns=1;i=2739,false
1:MTComponentType/Description/SerialNumber,ns=1;i=2738,false
1:MTComponentType/Description/Station,ns=1;i=2737,false
1:MTComponentType/Name,ns=1;i=2023,false
1:MTComponentType/NativeName,ns=1;i=2024,false
1:MTComponentType/SampleInterval,ns=1;i=2027,false
1:MTComponentType/SampleRate,ns=1;i=2026,false
1:MTComponentType/Supertype,ns=1;i=2038,false
1:MTComponentType/Uuid,ns=1;i=2025,false
1:MTComponentType/XmlId,ns=1;i=2022,false
1:MTCompositionType,ns=1;i=2067,false
1:MTCompositionType/MTTypeName,ns=1;i=2069,false
1:MTCompositionType/Name,ns=1;i=2071,false
1:MTCompositionType/Supertype,ns=1;i=2072,false
1:MTCompositionType/Uuid,ns=1;i=2070,false
1:MTCompositionType/XmlId,ns=1;i=2068,false
1:MTConditionClassType,ns=1;i=2629,false
1:MTConditionClassType/Supertype,ns=1;i=2630,false
1:MTConditionType,ns=1;i=2660,false
1:MTConditionType/ActiveState,ns=1;i=2666,false
1:MTConditionType/ActiveState/EffectiveDisplayName,ns=1;i=2932,false
1:MTConditionType/ActiveState/EffectiveTransitionTime,ns=1;i=2934,false
1:MTConditionType/ActiveState/FalseState,ns=1;i=2936,false
1:MTConditionType/ActiveState/Id,ns=1;i=2929,false
1:MTConditionType/ActiveState/Name,ns=1;i=2930,false
1:MTConditionType/ActiveState/Number,ns=1;i=2931,false
1:MTConditionType/ActiveState/TransitionTime,ns=1;i=2933,false
1:MTConditionType/ActiveState/TrueState,ns=1;i=2935,false
1:MTConditionType/Category,ns=1;i=2917,false
1:MTConditionType/Constraints,ns=1;i=2924,false
1:MTConditionType/Constraints/Maximum,ns=1;i=2927,false
1:MTConditionType/Constraints/Minimum,ns=1;i=2926,false
1:MTConditionType/Constraints/Nominal,ns=1;i=2928,false
1:MTConditionType/Constraints/Values,ns=1;i=2925,false
1:MTConditionType/MTSeverity,ns=1;i=2663,false
1:MTConditionType/MTSubTypeName,ns=1;i=2919,false
1:MTConditionType/MTTypeName,ns=1;i=2918,false
1:MTConditionType/Mixes In,ns=1;i=3639,false
1:MTConditionType/Name,ns=1;i=2916,false
1:MTConditionType/NativeCode,ns=1;i=2661,false
1:MTConditionType/NativeSeverity,ns=1;i=2662,false
1:MTConditionType/PeriodFilter,ns=1;i=2923,false
1:MTConditionType/Qualifier,ns=1;i=2664,false
1:MTConditionType/Representation,ns=1;i=2922,false
1:MTConditionType/SampleRate,ns=1;i=2921,false
1:MTConditionType/SourceData,ns=1;i=2920,false
1:MTConditionType/Supertype,ns=1;i=2665,false
1:MTConditionType/XmlId,ns=1;i=2915,false
1:MTConfigurationType,ns=1;i=2044,false
1:MTConfigurationType/Supertype,ns=1;i=2045,false
1:MTConstraintType,ns=1;i=2647,false
1:MTConstraintType/Maximum,ns=1;i=2650,false
1:MTConstraintType/Minimum,ns=1;i=2649,false
1:MTConstraintType/Nominal,ns=1;i=2651,false
1:MTConstraintType/Supertype,ns=1;i=2652,false
1:MTConstraintType/Values,ns=1;i=2648,false
1:MTControlledVocabEventClassType,ns=1;i=2144,false
1:MTControlledVocabEventClassType/Supertype,ns=1;i=2145,false
1:MTControlledVocabEventType,ns=1;i=2626,false
1:MTControlledVocabEventType/Category,ns=1;i=2773,false
1:MTControlledVocabEventType/Constraints,ns=1;i=2780,false
1:MTControlledVocabEventType/Constraints/Maximum,ns=1;i=2783,false
1:MTControlledVocabEventType/Constraints/Minimum,ns=1;i=2782,false
1:MTControlledVocabEventType/Constraints/Nominal,ns=1;i=2784,false
1:MTControlledVocabEventType/Constraints/Values,ns=1;i=2781,false
1:MTControlledVocabEventType/MTSubTypeName,ns=1;i=2775,false
1:MTControlledVocabEventType/MTTypeName,ns=1;i=2774,false
1:MTControlledVocabEventType/Mixes In,ns=1;i=3642,false
1:MTControlledVocabEventType/Name,ns=1;i=2772,false
1:MTControlledVocabEventType/PeriodFilter,ns=1;i=2779,false
1:MTControlledVocabEventType/Representation,ns=1;i=2778,false
1:MTControlledVocabEventType/SampleRate,ns=1;i=2777,false
1:MTControlledVocabEventType/SourceData,ns=1;i=2776,false
1:MTControlledVocabEventType/Supertype,ns=1;i=2627,false
1:MTControlledVocabEventType/ValueAsText,ns=1;i=3090,false
1:MTControlledVocabEventType/ValueRank,ns=1;i=3641,false
1:MTControlledVocabEventType/XmlId,ns=1;i=2771,false
1:MTCoordinateSystemType,ns=1;i=2635,false
1:MTCoordinateSystemType/Default Binary,ns=1;i=2786,false
1:MTCoordinateSystemType/Default Binary/Description,ns=1;i=2787,false
1:MTCoordinateSystemType/Default Binary/Description/DictionaryFragment,ns=1;i=2788,false
1:MTCoordinateSystemType/Default XML,ns=1;i=2789,false
1:MTCoordinateSystemType/Default XML/Description,ns=1;i=2790,false
1:MTCoordinateSystemType/EnumStrings,ns=1;i=2785,false
1:MTDataItemClassType,ns=1;i=2425,false
1:MTDataItemClassType/Supertype,ns=1;i=2426,false
1:MTDataItemSubClassType,ns=1;i=2476,false
1:MTDataItemSubClassType/Supertype,ns=1;i=2477,false
1:MTDataItemType,ns=1;i=2443,false
1:MTDataItemType/<BaseObject>,ns=1;i=2456,false
1:MTDataItemType/<MTCategory>,ns=1;i=2459,false
1:MTDataItemType/<MTComposition>,ns=1;i=2455,false
1:MTDataItemType/<MTCondition>,ns=1;i=2457,false
1:MTDataItemType/<MTDataItemClass>,ns=1;i=2453,false
1:MTDataItemType/<MTDataItemSubClass>,ns=1;i=2454,false
1:MTDataItemType/<MTRepresentation>,ns=1;i=2458,false
1:MTDataItemType/Category,ns=1;i=2446,false
1:MTDataItemType/Constraints,ns=1;i=2460,false
1:MTDataItemType/MTSubTypeName,ns=1;i=2448,false
1:MTDataItemType/MTTypeName,ns=1;i=2447,false
1:MTDataItemType/Name,ns=1;i=2445,false
1:MTDataItemType/PeriodFilter,ns=1;i=2452,false
1:MTDataItemType/Representation,ns=1;i=2451,false
1:MTDataItemType/SampleRate,ns=1;i=2450,false
1:MTDataItemType/SourceData,ns=1;i=2449,false
1:MTDataItemType/XmlId,ns=1;i=2444,false
1:MTDescriptionType,ns=1;i=2053,false
1:MTDescriptionType/Data,ns=1;i=2057,false
1:MTDescriptionType/Manufacturer,ns=1;i=2056,false
1:MTDescriptionType/SerialNumber,ns=1;i=2055,false
1:MTDescriptionType/Station,ns=1;i=2054,false
1:MTDescriptionType/Supertype,ns=1;i=2058,false
1:MTDeviceType,ns=1;i=2015,false
1:MTDeviceType/Iso841Class,ns=1;i=2017,false
1:MTDeviceType/Supertype,ns=1;i=2018,false
1:MTDeviceType/Version,ns=1;i=2016,false
1:MTEventClassType,ns=1;i=2631,false
1:MTEventClassType/Supertype,ns=1;i=2632,false
1:MTMessageClassType,ns=1;i=2427,false
1:MTMessageClassType/Supertype,ns=1;i=2428,false
1:MTMessageEventType,ns=1;i=2656,false
1:MTMessageEventType/NativeCode,ns=1;i=2657,false
1:MTMessageEventType/Supertype,ns=1;i=2658,false
1:MTMessageType,ns=1;i=2471,false
1:MTMessageType/Category,ns=1;i=2793,false
1:MTMessageType/Constraints,ns=1;i=2800,false
1:MTMessageType/Constraints/Maximum,ns=1;i=2803,false
1:MTMessageType/Constraints/Minimum,ns=1;i=2802,false
1:MTMessageType/Constraints/Nominal,ns=1;i=2804,false
1:MTMessageType/Constraints/Values,ns=1;i=2801,false
1:MTMessageType/DataType,ns=1;i=2472,false
1:MTMessageType/MTSubTypeName,ns=1;i=2795,false
1:MTMessageType/MTTypeName,ns=1;i=2794,false
1:MTMessageType/Mixes In,ns=1;i=3643,false
1:MTMessageType/Name,ns=1;i=2792,false
1:MTMessageType/PeriodFilter,ns=1;i=2799,false
1:MTMessageType/Representation,ns=1;i=2798,false
1:MTMessageType/SampleRate,ns=1;i=2797,false
1:MTMessageType/SourceData,ns=1;i=2796,false
1:MTMessageType/Supertype,ns=1;i=2475,false
1:MTMessageType/ValueRank,ns=1;i=2473,false
1:MTMessageType/XmlId,ns=1;i=2791,false
1:MTNumericDataItemType,ns=1;i=2461,false
1:MTNumericDataItemType/CoordinateSystem,ns=1;i=2465,false
1:MTNumericDataItemType/InitialValue,ns=1;i=2466,false
1:MTNumericDataItemType/MinimumDeltaFilter,ns=1;i=2469,false
1:MTNumericDataItemType/NativeUnits,ns=1;i=2464,false
1:MTNumericDataItemType/ResetTrigger,ns=1;i=2467,false
1:MTNumericDataItemType/SignificantDigits,ns=1;i=2462,false
1:MTNumericDataItemType/Statistic,ns=1;i=2463,false
1:MTNumericDataItemType/Supertype,ns=1;i=2470,false
1:MTNumericDataItemType/Units,ns=1;i=2468,false
1:MTNumericEventClassType,ns=1;i=2359,false
1:MTNumericEventClassType/Supertype,ns=1;i=2360,false
1:MTNumericEventType,ns=1;i=2438,false
1:MTNumericEventType/Category,ns=1;i=2807,false
1:MTNumericEventType/Constraints,ns=1;i=2814,false
1:MTNumericEventType/Constraints/Maximum,ns=1;i=2817,false
1:MTNumericEventType/Constraints/Minimum,ns=1;i=2816,false
1:MTNumericEventType/Constraints/Nominal,ns=1;i=2818,false
1:MTNumericEventType/Constraints/Values,ns=1;i=2815,false
1:MTNumericEventType/CoordinateSystem,ns=1;i=2822,false
1:MTNumericEventType/DataType,ns=1;i=2439,false
1:MTNumericEventType/InitialValue,ns=1;i=2823,false
1:MTNumericEventType/MTSubTypeName,ns=1;i=2809,false
1:MTNumericEventType/MTTypeName,ns=1;i=2808,false
1:MTNumericEventType/MinimumDeltaFilter,ns=1;i=2826,false
1:MTNumericEventType/Mixes In,ns=1;i=3644,false
1:MTNumericEventType/Name,ns=1;i=2806,false
1:MTNumericEventType/NativeUnits,ns=1;i=2821,false
1:MTNumericEventType/PeriodFilter,ns=1;i=2813,false
1:MTNumericEventType/Representation,ns=1;i=2812,false
1:MTNumericEventType/ResetTrigger,ns=1;i=2824,false
1:MTNumericEventType/SampleRate,ns=1;i=2811,false
1:MTNumericEventType/SignificantDigits,ns=1;i=2819,false
1:MTNumericEventType/SourceData,ns=1;i=2810,false
1:MTNumericEventType/Statistic,ns=1;i=2820,false
1:MTNumericEventType/Supertype,ns=1;i=2441,false
1:MTNumericEventType/Units,ns=1;i=2825,false
1:MTNumericEventType/ValueRank,ns=1;i=2440,false
1:MTNumericEventType/XmlId,ns=1;i=2805,false
1:MTRepresentationType,ns=1;i=2633,false
1:MTRepresentationType/Default Binary,ns=1;i=2828,false
1:MTRepresentationType/Default Binary/Description,ns=1;i=2829,false
1:MTRepresentationType/Default Binary/Description/DictionaryFragment,ns=1;i=2830,false
1:MTRepresentationType/Default XML,ns=1;i=2831,false
1:MTRepresentationType/Default XML/Description,ns=1;i=2832,false
1:MTRepresentationType/EnumStrings,ns=1;i=2827,false
1:MTResetTriggerType,ns=1;i=2636,false
1:MTResetTriggerType/Default Binary,ns=1;i=2834,false
1:MTResetTriggerType/Default Binary/Description,ns=1;i=2835,false
1:MTResetTriggerType/Default Binary/Description/DictionaryFragment,ns=1;i=2836,false
1:MTResetTriggerType/Default XML,ns=1;i=2837,false
1:MTResetTriggerType/Default XML/Description,ns=1;i=2838,false
1:MTResetTriggerType/EnumStrings,ns=1;i=2833,false
1:MTSampleClassType,ns=1;i=2345,false
1:MTSampleClassType/Supertype,ns=1;i=2346,false
1:MTSampleType,ns=1;i=2429,false
1:MTSampleType/Category,ns=1;i=2841,false
1:MTSampleType/Constraints,ns=1;i=2848,false
1:MTSampleType/Constraints/Maximum,ns=1;i=2851,false
1:MTSampleType/Constraints/Minimum,ns=1;i=2850,false
1:MTSampleType/Constraints/Nominal,ns=1;i=2852,false
1:MTSampleType/Constraints/Values,ns=1;i=2849,false
1:MTSampleType/CoordinateSystem,ns=1;i=2856,false
1:MTSampleType/InitialValue,ns=1;i=2857,false
1:MTSampleType/MTSubTypeName,ns=1;i=2843,false
1:MTSampleType/MTTypeName,ns=1;i=2842,false
1:MTSampleType/MinimumDeltaFilter,ns=1;i=2860,false
1:MTSampleType/Mixes In,ns=1;i=3645,false
1:MTSampleType/Name,ns=1;i=2840,false
1:MTSampleType/NativeUnits,ns=1;i=2855,false
1:MTSampleType/PeriodFilter,ns=1;i=2847,false
1:MTSampleType/Representation,ns=1;i=2846,false
1:MTSampleType/ResetTrigger,ns=1;i=2858,false
1:MTSampleType/SampleRate,ns=1;i=2845,false
1:MTSampleType/SignificantDigits,ns=1;i=2853,false
1:MTSampleType/SourceData,ns=1;i=2844,false
1:MTSampleType/Statistic,ns=1;i=2854,false
1:MTSampleType/Supertype,ns=1;i=2431,false
1:MTSampleType/Units,ns=1;i=2859,false
1:MTSampleType/ValueRank,ns=1;i=2430,false
1:MTSampleType/XmlId,ns=1;i=2839,false
1:MTSensorConfigurationType,ns=1;i=2046,false
1:MTSensorConfigurationType/CalibrationDate,ns=1;i=2048,false
1:MTSensorConfigurationType/CalibrationInitials,ns=1;i=2050,false
1:MTSensorConfigurationType/Channels,ns=1;i=2052,false
1:MTSensorConfigurationType/FirwareVersion,ns=1;i=2047,false
1:MTSensorConfigurationType/NextCalibrationDate,ns=1;i=2049,false
1:MTSensorConfigurationType/Supertype,ns=1;i=2051,false
1:MTSeverityDataType,ns=1;i=2669,false
1:MTSeverityDataType/Default Binary,ns=1;i=2938,false
1:MTSeverityDataType/Default Binary/Description,ns=1;i=2939,false
1:MTSeverityDataType/Default Binary/Description/DictionaryFragment,ns=1;i=2940,false
1:MTSeverityDataType/Default XML,ns=1;i=2941,false
1:MTSeverityDataType/Default XML/Description,ns=1;i=2942,false
1:MTSeverityDataType/EnumStrings,ns=1;i=2937,false
1:MTStatisticType,ns=1;i=2659,false
1:MTStatisticType/Default Binary,ns=1;i=2862,false
1:MTStatisticType/Default Binary/Description,ns=1;i=2863,false
1:MTStatisticType/Default Binary/Description/DictionaryFragment,ns=1;i=2864,false
1:MTStatisticType/Default XML,ns=1;i=2865,false
1:MTStatisticType/Default XML/Description,ns=1;i=2866,false
1:MTStatisticType/EnumStrings,ns=1;i=2861,false
1:MTStringEventClassType,ns=1;i=2361,false
1:MTStringEventClassType/Supertype,ns=1;i=2362,false
1:MTStringEventType,ns=1;i=2433,false
1:MTStringEventType/Category,ns=1;i=2869,false
1:MTStringEventType/Constraints,ns=1;i=2876,false
1:MTStringEventType/Constraints/Maximum,ns=1;i=2879,false
1:MTStringEventType/Constraints/Minimum,ns=1;i=2878,false
1:MTStringEventType/Constraints/Nominal,ns=1;i=2880,false
1:MTStringEventType/Constraints/Values,ns=1;i=2877,false
1:MTStringEventType/DataType,ns=1;i=2434,false
1:MTStringEventType/MTSubTypeName,ns=1;i=2871,false
1:MTStringEventType/MTTypeName,ns=1;i=2870,false
1:MTStringEventType/Mixes In,ns=1;i=3646,false
1:MTStringEventType/Name,ns=1;i=2868,false
1:MTStringEventType/PeriodFilter,ns=1;i=2875,false
1:MTStringEventType/Representation,ns=1;i=2874,false
1:MTStringEventType/SampleRate,ns=1;i=2873,false
1:MTStringEventType/SourceData,ns=1;i=2872,false
1:MTStringEventType/Supertype,ns=1;i=2436,false
1:MTStringEventType/ValueRank,ns=1;i=2435,false
1:MTStringEventType/XmlId,ns=1;i=2867,false
1:MTThreeSpaceSampleType,ns=1;i=2641,false
1:MTThreeSpaceSampleType/Category,ns=1;i=2883,false
1:MTThreeSpaceSampleType/Constraints,ns=1;i=2890,false
1:MTThreeSpaceSampleType/Constraints/Maximum,ns=1;i=2893,false
1:MTThreeSpaceSampleType/Constraints/Minimum,ns=1;i=2892,false
1:MTThreeSpaceSampleType/Constraints/Nominal,ns=1;i=2894,false
1:MTThreeSpaceSampleType/Constraints/Values,ns=1;i=2891,false
1:MTThreeSpaceSampleType/CoordinateSystem,ns=1;i=2898,false
1:MTThreeSpaceSampleType/DataType,ns=1;i=2643,false
1:MTThreeSpaceSampleType/EngineeringUnits,ns=1;i=2642,false
1:MTThreeSpaceSampleType/InitialValue,ns=1;i=2899,false
1:MTThreeSpaceSampleType/MTSubTypeName,ns=1;i=2885,false
1:MTThreeSpaceSampleType/MTTypeName,ns=1;i=2884,false
1:MTThreeSpaceSampleType/MinimumDeltaFilter,ns=1;i=2902,false
1:MTThreeSpaceSampleType/Mixes In,ns=1;i=3647,false
1:MTThreeSpaceSampleType/Name,ns=1;i=2882,false
1:MTThreeSpaceSampleType/NativeUnits,ns=1;i=2897,false
1:MTThreeSpaceSampleType/PeriodFilter,ns=1;i=2889,false
1:MTThreeSpaceSampleType/Representation,ns=1;i=2888,false
1:MTThreeSpaceSampleType/ResetTrigger,ns=1;i=2900,false
1:MTThreeSpaceSampleType/SampleRate,ns=1;i=2887,false
1:MTThreeSpaceSampleType/SignificantDigits,ns=1;i=2895,false
1:MTThreeSpaceSampleType/SourceData,ns=1;i=2886,false
1:MTThreeSpaceSampleType/Statistic,ns=1;i=2896,false
1:MTThreeSpaceSampleType/Supertype,ns=1;i=2645,false
1:MTThreeSpaceSampleType/Units,ns=1;i=2901,false
1:MTThreeSpaceSampleType/ValueRank,ns=1;i=2644,false
1:MTThreeSpaceSampleType/XmlId,ns=1;i=2881,false
1:MachineAxisLockSubClassType,ns=1;i=2534,false
1:MachineAxisLockSubClassType/Supertype,ns=1;i=2535,false
1:MaintenanceSubClassType,ns=1;i=2536,false
1:MaintenanceSubClassType/Supertype,ns=1;i=2537,false
1:ManualUnclampSubClassType,ns=1;i=2538,false
1:ManualUnclampSubClassType/Supertype,ns=1;i=2539,false
1:MassClassType,ns=1;i=2301,false
1:MassClassType/Supertype,ns=1;i=2302,false
1:MaterialChangeClassType,ns=1;i=2235,false
1:MaterialChangeClassType/EnumStrings,ns=1;i=3081,false
1:MaterialChangeClassType/Supertype,ns=1;i=2236,false
1:MaterialClassType,ns=1;i=2369,false
1:MaterialClassType/Supertype,ns=1;i=2370,false
1:MaterialFeedClassType,ns=1;i=2231,false
1:MaterialFeedClassType/EnumStrings,ns=1;i=3080,false
1:MaterialFeedClassType/Supertype,ns=1;i=2232,false
1:MaterialHandlerInterfaceType,ns=1;i=2116,false
1:MaterialHandlerInterfaceType/Supertype,ns=1;i=2117,false
1:MaterialLoadClassType,ns=1;i=2241,false
1:MaterialLoadClassType/EnumStrings,ns=1;i=3083,false
1:MaterialLoadClassType/Supertype,ns=1;i=2242,false
1:MaterialRetractClassType,ns=1;i=2238,false
1:MaterialRetractClassType/EnumStrings,ns=1;i=3082,false
1:MaterialRetractClassType/Supertype,ns=1;i=2239,false
1:MaterialUnloadClassType,ns=1;i=2244,false
1:MaterialUnloadClassType/EnumStrings,ns=1;i=3084,false
1:MaterialUnloadClassType/Supertype,ns=1;i=2245,false
1:MaterialsType,ns=1;i=2118,false
1:MaterialsType/Supertype,ns=1;i=2119,false
1:MaximumSubClassType,ns=1;i=2540,false
1:MaximumSubClassType/Supertype,ns=1;i=2541,false
1:MessageClassType,ns=1;i=2403,false
1:MessageClassType/Supertype,ns=1;i=2404,false
1:MessageDataType,ns=1;i=2653,false
1:MessageDataType/Default Binary,ns=1;i=2903,false
1:MessageDataType/Default Binary/Description,ns=1;i=2904,false
1:MessageDataType/Default Binary/Description/DictionaryFragment,ns=1;i=2905,false
1:MessageDataType/Default JSON,ns=1;i=2908,false
1:MessageDataType/Default XML,ns=1;i=2906,false
1:MessageDataType/Default XML/Description,ns=1;i=2907,false
1:MessageDataType/NativeCode,ns=1;i=2654,false
1:MessageDataType/Text,ns=1;i=2655,false
1:MinimumSubClassType,ns=1;i=2542,false
1:MinimumSubClassType/Supertype,ns=1;i=2543,false
1:Mixes In,ns=1;i=2671,false
1:Mixes In/<Realization>,ns=1;i=3654,false
1:MohsSubClassType,ns=1;i=2544,false
1:MohsSubClassType/Supertype,ns=1;i=2545,false
1:MoleSubClassType,ns=1;i=2546,false
1:MoleSubClassType/Supertype,ns=1;i=2547,false
1:MotionProgramClassType,ns=1;i=2421,false
1:MotionProgramClassType/Supertype,ns=1;i=2422,false
1:MotionSubClassType,ns=1;i=2548,false
1:MotionSubClassType/Supertype,ns=1;i=2549,false
1:NoScaleSubClassType,ns=1;i=2550,false
1:NoScaleSubClassType/Supertype,ns=1;i=2551,false
1:OnOffDataType,ns=1;i=2204,false
1:OnOffDataType/Default Binary,ns=1;i=3022,false
1:OnOffDataType/Default Binary/Description,ns=1;i=3023,false
1:OnOffDataType/Default Binary/Description/DictionaryFragment,ns=1;i=3024,false
1:OnOffDataType/Default XML,ns=1;i=3025,false
1:OnOffDataType/Default XML/Description,ns=1;i=3026,false
1:OnOffDataType/EnumStrings,ns=1;i=3021,false
1:Opc.Ua.MTConnect(Binary),ns=1;i=2729,false
1:Opc.Ua.MTConnect(Binary)/<Opc.Ua.MTConnect(Binary)>,ns=1;i=3648,false
1:Opc.Ua.MTConnect(Binary)/Deprecated,ns=1;i=2732,false
1:Opc.Ua.MTConnect(Binary)/NamespaceUri,ns=1;i=2731,false
1:Opc.Ua.MTConnect(XML),ns=1;i=2733,false
1:Opc.Ua.MTConnect(XML)/<Opc.Ua.MTConnect(XML)>,ns=1;i=3659,false
1:Opc.Ua.MTConnect(XML)/Deprecated,ns=1;i=2736,false
1:Opc.Ua.MTConnect(XML)/NamespaceUri,ns=1;i=2735,false
1:OpenChuckClassType,ns=1;i=2253,false
1:OpenChuckClassType/EnumStrings,ns=1;i=3087,false
1:OpenChuckClassType/Supertype,ns=1;i=2254,false
1:OpenDoorClassType,ns=1;i=2247,false
1:OpenDoorClassType/EnumStrings,ns=1;i=3085,false
1:OpenDoorClassType/Supertype,ns=1;i=2248,false
1:OpenStateDataType,ns=1;i=2201,false
1:OpenStateDataType/Default Binary,ns=1;i=3028,false
1:OpenStateDataType/Default Binary/Description,ns=1;i=3029,false
1:OpenStateDataType/Default Binary/Description/DictionaryFragment,ns=1;i=3030,false
1:OpenStateDataType/Default XML,ns=1;i=3031,false
1:OpenStateDataType/Default XML/Description,ns=1;i=3032,false
1:OpenStateDataType/EnumStrings,ns=1;i=3027,false
1:OperatingSubClassType,ns=1;i=2552,false
1:OperatingSubClassType/Supertype,ns=1;i=2553,false
1:OperatorIdClassType,ns=1;i=2371,false
1:OperatorIdClassType/Supertype,ns=1;i=2372,false
1:OperatorSubClassType,ns=1;i=2554,false
1:OperatorSubClassType/Supertype,ns=1;i=2555,false
1:OptionalStopSubClassType,ns=1;i=2556,false
1:OptionalStopSubClassType/Supertype,ns=1;i=2557,false
1:OverrideSubClassType,ns=1;i=2558,false
1:OverrideSubClassType/Supertype,ns=1;i=2559,false
1:PHClassType,ns=1;i=2307,false
1:PHClassType/Supertype,ns=1;i=2308,false
1:PalletIdClassType,ns=1;i=2373,false
1:PalletIdClassType/Supertype,ns=1;i=2374,false
1:PartChangeClassType,ns=1;i=2259,false
1:PartChangeClassType/EnumStrings,ns=1;i=3089,false
1:PartChangeClassType/Supertype,ns=1;i=2260,false
1:PartCountClassType,ns=1;i=2355,false
1:PartCountClassType/Supertype,ns=1;i=2356,false
1:PartIdClassType,ns=1;i=2375,false
1:PartIdClassType/Supertype,ns=1;i=2376,false
1:PartNumberClassType,ns=1;i=2377,false
1:PartNumberClassType/Supertype,ns=1;i=2378,false
1:PathFeedrateClassType,ns=1;i=2303,false
1:PathFeedrateClassType/Supertype,ns=1;i=2304,false
1:PathFeedrateOverrideClassType,ns=1;i=3628,false
1:PathFeedrateOverrideClassType/Supertype,ns=1;i=3629,false
1:PathModeClassType,ns=1;i=2215,false
1:PathModeClassType/EnumStrings,ns=1;i=3075,false
1:PathModeClassType/Supertype,ns=1;i=2216,false
1:PathModeDataType,ns=1;i=2209,false
1:PathModeDataType/Default Binary,ns=1;i=3034,false
1:PathModeDataType/Default Binary/Description,ns=1;i=3035,false
1:PathModeDataType/Default Binary/Description/DictionaryFragment,ns=1;i=3036,false
1:PathModeDataType/Default XML,ns=1;i=3037,false
1:PathModeDataType/Default XML/Description,ns=1;i=3038,false
1:PathModeDataType/EnumStrings,ns=1;i=3033,false
1:PathPositionClassType,ns=1;i=2305,false
1:PathPositionClassType/Supertype,ns=1;i=2306,false
1:PathType,ns=1;i=2120,false
1:PathType/Supertype,ns=1;i=2121,false
1:PersonnelType,ns=1;i=2122,false
1:PersonnelType/Supertype,ns=1;i=2123,false
1:PneumaticType,ns=1;i=2124,false
1:PneumaticType/Supertype,ns=1;i=2125,false
1:PositionClassType,ns=1;i=2309,false
1:PositionClassType/Supertype,ns=1;i=2310,false
1:PowerFactorClassType,ns=1;i=2311,false
1:PowerFactorClassType/Supertype,ns=1;i=2312,false
1:PowerStateClassType,ns=1;i=2218,false
1:PowerStateClassType/EnumStrings,ns=1;i=3076,false
1:PowerStateClassType/Supertype,ns=1;i=2219,false
1:PoweredSubClassType,ns=1;i=2562,false
1:PoweredSubClassType/Supertype,ns=1;i=2563,false
1:PressureClassType,ns=1;i=2313,false
1:PressureClassType/Supertype,ns=1;i=2314,false
1:PrimarySubClassType,ns=1;i=2560,false
1:PrimarySubClassType/Supertype,ns=1;i=2561,false
1:ProbeSubClassType,ns=1;i=2564,false
1:ProbeSubClassType/Supertype,ns=1;i=2565,false
1:ProcessPowerType,ns=1;i=2126,false
1:ProcessPowerType/Supertype,ns=1;i=2127,false
1:ProcessSubClassType,ns=1;i=2566,false
1:ProcessSubClassType/Supertype,ns=1;i=2567,false
1:ProcessTimerClassType,ns=1;i=2315,false
1:ProcessTimerClassType/Supertype,ns=1;i=2316,false
1:ProgramClassType,ns=1;i=2379,false
1:ProgramClassType/Supertype,ns=1;i=2380,false
1:ProgramCommentClassType,ns=1;i=2385,false
1:ProgramCommentClassType/Supertype,ns=1;i=2386,false
1:ProgramEditClassType,ns=1;i=2221,false
1:ProgramEditClassType/EnumStrings,ns=1;i=3077,false
1:ProgramEditClassType/Supertype,ns=1;i=2222,false
1:ProgramEditDataType,ns=1;i=2210,false
1:ProgramEditDataType/Default Binary,ns=1;i=3040,false
1:ProgramEditDataType/Default Binary/Description,ns=1;i=3041,false
1:ProgramEditDataType/Default Binary/Description/DictionaryFragment,ns=1;i=3042,false
1:ProgramEditDataType/Default XML,ns=1;i=3043,false
1:ProgramEditDataType/Default XML/Description,ns=1;i=3044,false
1:ProgramEditDataType/EnumStrings,ns=1;i=3039,false
1:ProgramEditNameClassType,ns=1;i=2381,false
1:ProgramEditNameClassType/Supertype,ns=1;i=2382,false
1:ProgramHeaderClassType,ns=1;i=2383,false
1:ProgramHeaderClassType/Supertype,ns=1;i=2384,false
1:ProgrammedSubClassType,ns=1;i=2568,false
1:ProgrammedSubClassType/Supertype,ns=1;i=2569,false
1:ProtectiveType,ns=1;i=2128,false
1:ProtectiveType/Supertype,ns=1;i=2129,false
1:QualifierDataType,ns=1;i=2668,false
1:QualifierDataType/Default Binary,ns=1;i=2944,false
1:QualifierDataType/Default Binary/Description,ns=1;i=2945,false
1:QualifierDataType/Default Binary/Description/DictionaryFragment,ns=1;i=2946,false
1:QualifierDataType/Default XML,ns=1;i=2947,false
1:QualifierDataType/Default XML/Description,ns=1;i=2948,false
1:QualifierDataType/EnumStrings,ns=1;i=2943,false
1:RadialSubClassType,ns=1;i=2570,false
1:RadialSubClassType/Supertype,ns=1;i=2571,false
1:RapidSubClassType,ns=1;i=2572,false
1:RapidSubClassType/Supertype,ns=1;i=2573,false
1:Realization,ns=1;i=3656,false
1:Realization/direction,ns=1;i=3657,false
1:RelativeSubClassType,ns=1;i=2574,false
1:RelativeSubClassType/Supertype,ns=1;i=2575,false
1:RemainingSubClassType,ns=1;i=2576,false
1:RemainingSubClassType/Supertype,ns=1;i=2577,false
1:RequestSubClassType,ns=1;i=2578,false
1:RequestSubClassType/Supertype,ns=1;i=2579,false
1:ResistenceClassType,ns=1;i=2317,false
1:ResistenceClassType/Supertype,ns=1;i=2318,false
1:ResourcesType,ns=1;i=2130,false
1:ResourcesType/Supertype,ns=1;i=2131,false
1:ResponseSubClassType,ns=1;i=2580,false
1:ResponseSubClassType/Supertype,ns=1;i=2581,false
1:RockwellSubClassType,ns=1;i=2582,false
1:RockwellSubClassType/Supertype,ns=1;i=2583,false
1:RotaryModeClassType,ns=1;i=2224,false
1:RotaryModeClassType/EnumStrings,ns=1;i=3078,false
1:RotaryModeClassType/Supertype,ns=1;i=2225,false
1:RotaryModeDataType,ns=1;i=2211,false
1:RotaryModeDataType/Default Binary,ns=1;i=3046,false
1:RotaryModeDataType/Default Binary/Description,ns=1;i=3047,false
1:RotaryModeDataType/Default Binary/Description/DictionaryFragment,ns=1;i=3048,false
1:RotaryModeDataType/Default XML,ns=1;i=3049,false
1:RotaryModeDataType/Default XML/Description,ns=1;i=3050,false
1:RotaryModeDataType/EnumStrings,ns=1;i=3045,false
1:RotarySubClassType,ns=1;i=2584,false
1:RotarySubClassType/Supertype,ns=1;i=2585,false
1:RotaryType,ns=1;i=2132,false
1:RotaryType/Supertype,ns=1;i=2133,false
1:RotaryVelocityClassType,ns=1;i=2319,false
1:RotaryVelocityClassType/Supertype,ns=1;i=2320,false
1:RotaryVelocityOverrideClassType,ns=1;i=2357,false
1:RotaryVelocityOverrideClassType/Supertype,ns=1;i=2358,false
1:SensorType,ns=1;i=2134,false
1:SensorType/Supertype,ns=1;i=2135,false
1:SerialNumberClassType,ns=1;i=2387,false
1:SerialNumberClassType/Supertype,ns=1;i=2388,false
1:SetUpSubClassType,ns=1;i=2586,false
1:SetUpSubClassType/Supertype,ns=1;i=2587,false
1:ShoreSubClassType,ns=1;i=2588,false
1:ShoreSubClassType/Supertype,ns=1;i=2589,false
1:SoundLevelClassType,ns=1;i=2321,false
1:SoundLevelClassType/Supertype,ns=1;i=2322,false
1:SpindleInterlockClassType,ns=1;i=2212,false
1:SpindleInterlockClassType/EnumStrings,ns=1;i=3074,false
1:SpindleInterlockClassType/Supertype,ns=1;i=2213,false
1:StandardSubClassType,ns=1;i=2590,false
1:StandardSubClassType/Supertype,ns=1;i=2591,false
1:StockType,ns=1;i=2136,false
1:StockType/Supertype,ns=1;i=2137,false
1:StrainClassType,ns=1;i=2323,false
1:StrainClassType/Supertype,ns=1;i=2324,false
1:SwitchedSubClassType,ns=1;i=2592,false
1:SwitchedSubClassType/Supertype,ns=1;i=2593,false
1:SystemClassType,ns=1;i=2423,false
1:SystemClassType/Supertype,ns=1;i=2424,false
1:SystemsType,ns=1;i=2138,false
1:SystemsType/Supertype,ns=1;i=2139,false
1:TargetSubClassType,ns=1;i=2594,false
1:TargetSubClassType/Supertype,ns=1;i=2595,false
1:TemperatureClassType,ns=1;i=2325,false
1:TemperatureClassType/Supertype,ns=1;i=2326,false
1:TensionClassType,ns=1;i=2327,false
1:TensionClassType/Supertype,ns=1;i=2328,false
1:ThreeSpaceSampleDataType,ns=1;i=2637,false
1:ThreeSpaceSampleDataType/Default Binary,ns=1;i=2909,false
1:ThreeSpaceSampleDataType/Default Binary/Description,ns=1;i=2910,false
1:ThreeSpaceSampleDataType/Default Binary/Description/DictionaryFragment,ns=1;i=2911,false
1:ThreeSpaceSampleDataType/Default JSON,ns=1;i=2914,false
1:ThreeSpaceSampleDataType/Default XML,ns=1;i=2912,false
1:ThreeSpaceSampleDataType/Default XML/Description,ns=1;i=2913,false
1:ThreeSpaceSampleDataType/X,ns=1;i=2638,false
1:ThreeSpaceSampleDataType/Y,ns=1;i=2639,false
1:ThreeSpaceSampleDataType/Z,ns=1;i=2640,false
1:TiltClassType,ns=1;i=2329,false
1:TiltClassType/Supertype,ns=1;i=2330,false
1:ToolAssetIdClassType,ns=1;i=2389,false
1:ToolAssetIdClassType/Supertype,ns=1;i=2390,false
1:ToolChangeStopSubClassType,ns=1;i=2596,false
1:ToolChangeStopSubClassType/Supertype,ns=1;i=2597,false
1:ToolEdgeSubClassType,ns=1;i=2598,false
1:ToolEdgeSubClassType/Supertype,ns=1;i=2599,false
1:ToolGroupSubClassType,ns=1;i=2600,false
1:ToolGroupSubClassType/Supertype,ns=1;i=2601,false
1:ToolNumberClassType,ns=1;i=2391,false
1:ToolNumberClassType/Supertype,ns=1;i=2392,false
1:ToolOffsetClassType,ns=1;i=2393,false
1:ToolOffsetClassType/Supertype,ns=1;i=2394,false
1:ToolSubClassType,ns=1;i=2602,false
1:ToolSubClassType/Supertype,ns=1;i=2603,false
1:ToolingDeliveryType,ns=1;i=2140,false
1:ToolingDeliveryType/Supertype,ns=1;i=2141,false
1:TorqueClassType,ns=1;i=2331,false
1:TorqueClassType/Supertype,ns=1;i=2332,false
1:UasbleSubClassType,ns=1;i=2604,false
1:UasbleSubClassType/Supertype,ns=1;i=2605,false
1:UserClassType,ns=1;i=2395,false
1:UserClassType/Supertype,ns=1;i=2396,false
1:VelocityClassType,ns=1;i=2335,false
1:VelocityClassType/Supertype,ns=1;i=2336,false
1:VerticalSubClassType,ns=1;i=2606,false
1:VerticalSubClassType/Supertype,ns=1;i=2607,false
1:VickersSubClassType,ns=1;i=2610,false
1:VickersSubClassType/Supertype,ns=1;i=2611,false
1:ViscosityClassType,ns=1;i=2339,false
1:ViscosityClassType/Supertype,ns=1;i=2340,false
1:VoltAmpereClassType,ns=1;i=2333,false
1:VoltAmpereClassType/Supertype,ns=1;i=2334,false
1:VoltAmpereReactiveClassType,ns=1;i=2337,false
1:VoltAmpereReactiveClassType/Supertype,ns=1;i=2338,false
1:VoltageClassType,ns=1;i=2341,false
1:VoltageClassType/Supertype,ns=1;i=2342,false
1:VolumeSubClassType,ns=1;i=2608,false
1:VolumeSubClassType/Supertype,ns=1;i=2609,false
1:WasteDisposalType,ns=1;i=2142,false
1:WasteDisposalType/Supertype,ns=1;i=2143,false
1:WattageClassType,ns=1;i=2343,false
1:WattageClassType/Supertype,ns=1;i=2344,false
1:WeightSubClassType,ns=1;i=2612,false
1:WeightSubClassType/Supertype,ns=1;i=2613,false
1:WireClassType,ns=1;i=2397,false
1:WireClassType/Supertype,ns=1;i=2398,false
1:WorkOffsetClassType,ns=1;i=2401,false
1:WorkOffsetClassType/Supertype,ns=1;i=2402,false
1:WorkholdingClassType,ns=1;i=2399,false
1:WorkholdingClassType/Supertype,ns=1;i=2400,false
1:WorkingSubClassType,ns=1;i=2614,false
1:WorkingSubClassType/Supertype,ns=1;i=2615,false
1:WorkpieceSubClassType,ns=1;i=2616,false
1:WorkpieceSubClassType/Supertype,ns=1;i=2617,false
1:YesNoDataType,ns=1;i=2206,false
1:YesNoDataType/Default Binary,ns=1;i=3052,false
1:YesNoDataType/Default Binary/Description,ns=1;i=3053,false
1:YesNoDataType/Default Binary/Description/DictionaryFragment,ns=1;i=3054,false
1:YesNoDataType/Default XML,ns=1;i=3055,false
1:YesNoDataType/Default XML/Description,ns=1;i=3056,false
1:YesNoDataType/EnumStrings,ns=1;i=3051,false
1:http://opcfoundation.org/UA/MTConnect/2.0/,ns=1;i=3630,false
1:http://opcfoundation.org/UA/MTConnect/2.0//<http://opcfoundation.org/UA/MTConnect/2.0/>,ns=1;i=3660,false
1:http://opcfoundation.org/UA/MTConnect/2.0//IsNamespaceSubset,ns=1;i=3635,false
1:http://opcfoundation.org/UA/MTConnect/2.0//NamespacePublicationDate,ns=1;i=3634,false
1:http://opcfoundation.org/UA/MTConnect/2.0//NamespaceUri,ns=1;i=3632,false
1:http://opcfoundation.org/UA/MTConnect/2.0//NamespaceVersion,ns=1;i=3633,false
1:http://opcfoundation.org/UA/MTConnect/2.0//StaticNodeIdTypes,ns=1;i=3636,false
1:http://opcfoundation.org/UA/MTConnect/2.0//StaticNumericNodeIdRange,ns=1;i=3637,false
1:http://opcfoundation.org/UA/MTConnect/2.0//StaticStringNodeIdPattern,ns=1;i=3638,false
1:mixin,ns=1;i=2670,false
1:mixin/<Class>,ns=1;i=3655,false
1:use,ns=1;i=2691,false
1:values,ns=1;i=2679,false
1:values/<Association>,ns=1;i=3658,false
AccessLevelExType,i=15406,false
AccessLevelType,i=15031,false
AccessRestrictionType,i=95,false
AcknowledgeableConditionType,i=2881,false
AddNodesItem,i=376,false
AddReferencesItem,i=379,false
AddressSpaceFileType,i=11595,false
AggregateConfiguration,i=948,false
AggregateConfigurationType,i=11187,false
AggregateFunctionType,i=2340,false
Aggregates,i=44,false
AlarmConditionType,i=2915,false
AlarmGroupMember,i=16362,false
AlarmGroupType,i=16405,false
AlarmMetricsType,i=17279,false
AlarmRateVariableType,i=17277,false
AlwaysGeneratesEvent,i=3065,false
AnalogItemType,i=2368,false
AnalogUnitRange,ns=1;i=2014,false
AnalogUnitRangeType,i=17570,false
AnalogUnitType,i=17497,false
Annotation,i=891,false
AnonymousIdentityToken,i=319,false
ApplicationCertificateType,i=12557,false
ApplicationDescription,i=308,false
ApplicationInstanceCertificate,i=311,false
ApplicationType,i=307,false
Argument,i=296,false
ArrayItemType,i=12021,false
Association,ns=1;i=3667,false
Attribute,ns=1;i=2002,false
Attribute Override,ns=1;i=2005,false
AttributeOperand,i=598,false
AttributeWriteMask,i=347,false
AudioDataType,i=16307,false
AudioVariableType,i=17986,false
AuditActivateSessionEventType,i=2075,false
AuditAddNodesEventType,i=2091,false
AuditAddReferencesEventType,i=2095,false
AuditCancelEventType,i=2078,false
AuditCertificateDataMismatchEventType,i=2082,false
AuditCertificateEventType,i=2080,false
AuditCertificateExpiredEventType,i=2085,false
AuditCertificateInvalidEventType,i=2086,false
AuditCertificateMismatchEventType,i=2089,false
AuditCertificateRevokedEventType,i=2088,false
AuditCertificateUntrustedEventType,i=2087,false
AuditChannelEventType,i=2059,false
AuditConditionAcknowledgeEventType,i=8944,false
AuditConditionCommentEventType,i=2829,false
AuditConditionConfirmEventType,i=8961,false
AuditConditionEnableEventType,i=2803,false
AuditConditionEventType,i=2790,false
AuditConditionOutOfServiceEventType,i=17259,false
AuditConditionResetEventType,i=15013,false
AuditConditionRespondEventType,i=8927,false
AuditConditionShelvingEventType,i=11093,false
AuditConditionSilenceEventType,i=17242,false
AuditConditionSuppressEventType,i=17225,false
AuditCreateSessionEventType,i=2071,false
AuditDeleteNodesEventType,i=2093,false
AuditDeleteReferencesEventType,i=2097,false
AuditEventType,i=2052,false
AuditHistoryAtTimeDeleteEventType,i=3019,false
AuditHistoryDeleteEventType,i=3012,false
AuditHistoryEventDeleteEventType,i=3022,false
AuditHistoryEventUpdateEventType,i=2999,false
AuditHistoryRawModifyDeleteEventType,i=3014,false
AuditHistoryUpdateEventType,i=2104,false
AuditHistoryValueUpdateEventType,i=3006,false
AuditNodeManagementEventType,i=2090,false
AuditOpenSecureChannelEventType,i=2060,false
AuditProgramTransitionEventType,i=11856,false
AuditSecurityEventType,i=2058,false
AuditSessionEventType,i=2069,false
AuditUpdateEventType,i=2099,false
AuditUpdateMethodEventType,i=2127,false
AuditUpdateStateEventType,i=2315,false
AuditUrlMismatchEventType,i=2748,false
AuditWriteUpdateEventType,i=2100,false
AuthorizationServiceConfigurationType,i=17852,false
AxisInformation,i=12079,false
AxisScaleEnumeration,i=12077,false
BaseAnalogType,i=15318,false
BaseConditionClassType,i=11163,false
BaseDataType,i=24,false
BaseDataVariableType,i=63,false
BaseEventType,i=2041,false
BaseModelChangeEventType,i=2132,false
BaseObjectType,i=58,false
BaseVariableType,i=62,false
BitFieldMaskDataType,i=11737,false
Boolean,i=1,true
BrokerConnectionTransportDataType,i=15007,false
BrokerConnectionTransportType,i=15155,false
BrokerDataSetReaderTransportDataType,i=15670,false
BrokerDataSetReaderTransportType,i=21142,false
BrokerDataSetWriterTransportDataType,i=15669,false
BrokerDataSetWriterTransportType,i=21138,false
BrokerTransportQualityOfService,i=15008,false
BrokerWriterGroupTransportDataType,i=15667,false
BrokerWriterGroupTransportType,i=21136,false
BuildInfo,i=338,false
BuildInfoType,i=3051,false
Byte,i=3,true
ByteString,i=15,true
CertificateExpirationAlarmType,i=13225,false
CertificateGroupFolderType,i=13813,false
CertificateGroupType,i=12555,false
CertificateType,i=12556,false
CertificateUpdatedAuditEventType,i=12620,false
ChoiceStateType,i=15109,false
ComplexNumberType,i=12171,false
ConditionType,i=2782,false
ConditionVariableType,i=9002,false
ConfigurationVersionDataType,i=14593,false
ConnectionTransportDataType,i=15618,false
ConnectionTransportType,i=17721,false
ContentFilter,i=586,false
ContentFilterElement,i=583,false
ContinuationPoint,i=521,false
Counter,i=289,false
CubeItemType,i=12057,false
DataItemType,i=2365,false
DataSetFieldContentMask,i=15583,false
DataSetFieldFlags,i=15904,false
DataSetFolderType,i=14477,false
DataSetMetaDataType,i=14523,false
DataSetOrderingType,i=20408,false
DataSetReaderDataType,i=15623,false
DataSetReaderMessageDataType,i=15629,false
DataSetReaderMessageType,i=21104,false
DataSetReaderTransportDataType,i=15628,false
DataSetReaderTransportType,i=15319,false
DataSetReaderType,i=15306,false
DataSetToWriter,i=14936,false
DataSetWriterDataType,i=15597,false
DataSetWriterMessageDataType,i=15605,false
DataSetWriterMessageType,i=21096,false
DataSetWriterTransportDataType,i=15598,false
DataSetWriterTransportType,i=15305,false
DataSetWriterType,i=15298,false
DataTypeDefinition,i=97,false
DataTypeDescription,i=14525,false
DataTypeDescriptionType,i=69,false
DataTypeDictionaryType,i=72,false
DataTypeEncodingType,i=76,false
DataTypeSchemaHeader,i=15534,false
DataTypeSystemType,i=75,false
DataValue,i=23,false
DatagramConnectionTransportDataType,i=17467,false
DatagramConnectionTransportType,i=15064,false
DatagramWriterGroupTransportDataType,i=15532,false
DatagramWriterGroupTransportType,i=21133,false
Date,i=293,false
DateString,i=12881,false
DateTime,i=13,true
Decimal,i=50,false
DecimalString,i=12878,false
DeleteNodesItem,i=382,false
DeleteReferencesItem,i=385,false
DeviceFailureEventType,i=2131,false
DiagnosticInfo,i=25,false
DiagnosticsLevel,i=19723,false
DialogConditionType,i=2830,false
DiscoveryConfiguration,i=12890,false
DiscrepancyAlarmType,i=17080,false
DiscreteAlarmType,i=10523,false
DiscreteItemType,i=2372,false
Double,i=11,true
DoubleComplexNumberType,i=12172,false
Duration,i=290,false
DurationString,i=12879,false
EUInformation,i=887,false
ElementOperand,i=592,false
ElseGuardVariableType,i=15317,false
EndpointConfiguration,i=331,false
EndpointDescription,i=312,false
EndpointType,i=15528,false
EndpointUrlListDataType,i=11943,false
EnumDefinition,i=100,false
EnumDescription,i=15488,false
EnumField,i=102,false
EnumValueType,i=7594,false
Enumeration,i=29,false
EventFilter,i=725,false
EventNotifierType,i=15033,false
EventQueueOverflowEventType,i=3035,false
ExceptionDeviationFormat,i=890,false
ExclusiveDeviationAlarmType,i=9764,false
ExclusiveLevelAlarmType,i=9482,false
ExclusiveLimitAlarmType,i=9341,false
ExclusiveLimitStateMachineType,i=9318,false
ExclusiveRateOfChangeAlarmType,i=9623,false
ExpandedNodeId,i=18,true
ExposesItsArray,i=83,false
ExpressionGuardVariableType,i=15128,false
ExtensionFieldsType,i=15489,false
FieldMetaData,i=14524,false
FieldTargetDataType,i=14744,false
FileDirectoryType,i=13353,false
FileTransferStateMachineType,i=15803,false
FileType,i=11575,false
FilterOperand,i=589,false
FilterOperator,i=576,false
FiniteStateMachineType,i=2771,false
FiniteStateVariableType,i=2760,false
FiniteTransitionVariableType,i=2767,false
Float,i=10,true
FolderType,i=61,false
FromState,i=51,false
GeneralModelChangeEventType,i=2133,false
GeneratesEvent,i=41,false
GuardVariableType,i=15113,false
Guid,i=14,true
HasAlarmSuppressionGroup,i=16361,false
HasArgumentDescription,i=129,false
HasCause,i=53,false
HasChild,i=34,false
HasComponent,i=47,true
HasCondition,i=9006,false
HasDataSetReader,i=15297,false
HasDataSetWriter,i=15296,false
HasDescription,i=39,true
HasEffect,i=54,false
HasEffectDisable,i=17276,false
HasEffectEnable,i=17983,false
HasEffectSuppressed,i=17984,false
HasEffectUnsuppressed,i=17985,false
HasEncoding,i=38,true
HasEventSource,i=36,true
HasFalseSubState,i=9005,false
HasGuard,i=15112,false
HasHistoricalConfiguration,i=56,false
HasModelingRule,ns=1;i=2000,false
HasModellingRule,i=37,true
HasNotifier,i=48,true
HasOptionalInputArgumentDescription,i=131,false
HasOrderedComponent,i=49,false
HasProperty,i=46,true
HasPubSubConnection,i=14476,false
HasSubStateMachine,i=117,false
HasSubtype,i=45,true
HasTrueSubState,i=9004,false
HasTypeDefinition,i=40,true
HierarchicalReferences,i=33,false
HighlyManagedAlarmConditionClassType,i=17219,false
HistoricalDataConfigurationType,i=2318,false
HistoryEvent,i=659,false
HistoryEventFieldList,i=920,false
HistoryServerCapabilitiesType,i=2330,false
HistoryUpdateType,i=11234,false
HttpsCertificateType,i=12558,false
IdType,i=256,false
IdentityCriteriaType,i=15632,false
IdentityMappingRuleType,i=15634,false
Image,i=30,false
ImageBMP,i=2000,false
ImageGIF,i=2001,false
ImageItemType,i=12047,false
ImageJPG,i=2002,false
ImagePNG,i=2003,false
InitialStateType,i=2309,false
Instantiates,ns=1;i=2004,false
InstrumentDiagnosticAlarmType,i=18347,false
Int16,i=4,true
Int32,i=6,true
Int64,i=8,true
Integer,i=27,true
IntegerId,i=288,false
IssuedIdentityToken,i=938,false
JsonDataSetMessageContentMask,i=15658,false
JsonDataSetReaderMessageDataType,i=15665,false
JsonDataSetReaderMessageType,i=21130,false
JsonDataSetWriterMessageDataType,i=15664,false
JsonDataSetWriterMessageType,i=21128,false
JsonNetworkMessageContentMask,i=15654,false
JsonWriterGroupMessageDataType,i=15657,false
JsonWriterGroupMessageType,i=21126,false
KeyCredentialAuditEventType,i=18011,false
KeyCredentialConfigurationFolderType,i=17496,false
KeyCredentialConfigurationType,i=18001,false
KeyCredentialDeletedAuditEventType,i=18047,false
KeyCredentialUpdatedAuditEventType,i=18029,false
KeyValuePair,i=14533,false
LimitAlarmType,i=2955,false
LiteralOperand,i=595,false
LocaleId,i=295,false
LocalizedText,i=21,true
MaintenanceConditionClassType,i=11165,false
Mandatory,i=78,false
MandatoryPlaceholder,i=11510,false
MandatoryShared,i=79,false
MdnsDiscoveryConfiguration,i=12891,false
MessageSecurityMode,i=302,false
ModelChangeStructureDataType,i=877,false
ModellingRuleType,i=77,false
MonitoringFilter,i=719,false
MultiStateDiscreteType,i=2376,false
MultiStateValueDiscreteType,i=11238,false
NDimensionArrayItemType,i=12068,false
Namespace,ns=1;i=2001,false
NamespaceMetadataType,i=11616,false
Namespaces,ns=1;i=2012,false
NamespacesType,i=11645,false
NamingRuleType,i=120,false
NetworkAddressDataType,i=15502,false
NetworkAddressType,i=21145,false
NetworkAddressUrlDataType,i=15510,false
NetworkAddressUrlType,i=21147,false
NetworkGroupDataType,i=11944,false
Node,ns=1;i=2008,false
NodeAttributesMask,i=348,false
NodeClass,i=257,false
NodeId,i=17,true
NonExclusiveDeviationAlarmType,i=10368,false
NonExclusiveLevelAlarmType,i=10060,false
NonExclusiveLimitAlarmType,i=9906,false
NonExclusiveRateOfChangeAlarmType,i=10214,false
NonHierarchicalReferences,i=32,false
NonTransparentNetworkRedundancyType,i=11945,false
NonTransparentRedundancyType,i=2039,false
NormalizedString,i=12877,false
Number,i=26,true
NumericRange,i=291,false
OPC Binary,i=93,false
Object,ns=1;i=2010,false
OffNormalAlarmType,i=10637,false
Opc.Ua,i=7617,false
OpenFileMode,i=11939,false
OperationLimitsType,i=11564,false
OptionSet,i=12755,false
OptionSetType,i=11487,false
Optional,i=80,false
OptionalPlaceholder,i=11508,false
Organizes,i=35,true
Override,ns=1;i=2007,false
OverrideValueHandling,i=15874,false
PerformUpdateType,i=11293,false
PermissionType,i=94,false
ProcessConditionClassType,i=11164,false
ProgramDiagnostic2DataType,i=15396,false
ProgramDiagnostic2Type,i=15383,false
ProgramDiagnosticDataType,i=894,false
ProgramDiagnosticType,i=2380,false
ProgramStateMachineType,i=2391,false
ProgramTransitionAuditEventType,i=3806,false
ProgramTransitionEventType,i=2378,false
ProgressEventType,i=11436,false
Property,ns=1;i=2003,false
PropertyType,i=68,false
PubSubCommunicationFailureEventType,i=15563,false
PubSubConfigurationDataType,i=15530,false
PubSubConnectionDataType,i=15617,false
PubSubConnectionType,i=14209,false
PubSubDiagnosticsConnectionType,i=19786,false
PubSubDiagnosticsCounterClassification,i=19730,false
PubSubDiagnosticsCounterType,i=19725,false
PubSubDiagnosticsDataSetReaderType,i=20027,false
PubSubDiagnosticsDataSetWriterType,i=19968,false
PubSubDiagnosticsReaderGroupType,i=19903,false
PubSubDiagnosticsRootType,i=19732,false
PubSubDiagnosticsType,i=19677,false
PubSubDiagnosticsWriterGroupType,i=19834,false
PubSubGroupDataType,i=15609,false
PubSubGroupType,i=14232,false
PubSubKeyServiceType,i=15906,false
PubSubState,i=14647,false
PubSubStatusEventType,i=15535,false
PubSubStatusType,i=14643,false
PubSubTransportLimitsExceedEventType,i=15548,false
PublishSubscribeType,i=14416,false
PublishedDataItemsDataType,i=15581,false
PublishedDataItemsType,i=14534,false
PublishedDataSetDataType,i=15578,false
PublishedDataSetSourceDataType,i=15580,false
PublishedDataSetType,i=14509,false
PublishedEventsDataType,i=15582,false
PublishedEventsType,i=14572,false
PublishedVariableDataType,i=14273,false
QualifiedName,i=20,true
Range,i=884,false
ReaderGroupDataType,i=15520,false
ReaderGroupMessageDataType,i=15622,false
ReaderGroupMessageType,i=21091,false
ReaderGroupTransportDataType,i=15621,false
ReaderGroupTransportType,i=21090,false
ReaderGroupType,i=17999,false
RedundancySupport,i=851,false
RedundantServerDataType,i=853,false
Reference,ns=1;i=2009,false
References,i=31,false
RefreshEndEventType,i=2788,false
RefreshRequiredEventType,i=2789,false
RefreshStartEventType,i=2787,false
RegisteredServer,i=432,false
RelativePath,i=540,false
RelativePathElement,i=537,false
RoleMappingRuleChangedAuditEventType,i=17641,false
RolePermissionType,i=96,false
RoleSetType,i=15607,false
RoleType,i=15620,false
RsaMinApplicationCertificateType,i=12559,false
RsaSha256ApplicationCertificateType,i=12560,false
SByte,i=2,true
SafetyConditionClassType,i=17218,false
SamplingIntervalDiagnosticsArrayType,i=2164,false
SamplingIntervalDiagnosticsDataType,i=856,false
SamplingIntervalDiagnosticsType,i=2165,false
SecurityGroupFolderType,i=15452,false
SecurityGroupType,i=15471,false
SecurityTokenRequestType,i=315,false
SelectionListType,i=16309,false
SemanticChangeEventType,i=2738,false
SemanticChangeStructureDataType,i=897,false
ServerCapabilitiesType,i=2013,false
ServerConfigurationType,i=12581,false
ServerDiagnosticsSummaryDataType,i=859,false
ServerDiagnosticsSummaryType,i=2150,false
ServerDiagnosticsType,i=2020,false
ServerOnNetwork,i=12189,false
ServerRedundancyType,i=2034,false
ServerState,i=852,false
ServerStatusDataType,i=862,false
ServerStatusType,i=2138,false
ServerType,i=2004,false
ServerVendorCapabilityType,i=2137,false
ServiceCounterDataType,i=871,false
SessionAuthenticationToken,i=388,false
SessionDiagnosticsArrayType,i=2196,false
SessionDiagnosticsDataType,i=865,false
SessionDiagnosticsObjectType,i=2029,false
SessionDiagnosticsVariableType,i=2197,false
SessionSecurityDiagnosticsArrayType,i=2243,false
SessionSecurityDiagnosticsDataType,i=868,false
SessionSecurityDiagnosticsType,i=2244,false
SessionsDiagnosticsSummaryType,i=2026,false
ShelvedStateMachineType,i=2929,false
SignedSoftwareCertificate,i=344,false
SimpleAttributeOperand,i=601,false
SimpleTypeDescription,i=15005,false
StateMachineType,i=2299,false
StateMachineVariableType,ns=1;i=2013,false
StateType,i=2307,false
StateVariableType,i=2755,false
StatisticalConditionClassType,i=18665,false
StatusCode,i=19,true
StatusResult,i=299,false
String,i=12,true
Structure,i=22,true
StructureDefinition,i=99,false
StructureDescription,i=15487,false
StructureField,i=101,false
StructureType,i=98,false
SubscribedDataSetDataType,i=15630,false
SubscribedDataSetMirrorDataType,i=15635,false
SubscribedDataSetMirrorType,i=15127,false
SubscribedDataSetType,i=15108,false
SubscriptionDiagnosticsArrayType,i=2171,false
SubscriptionDiagnosticsDataType,i=874,false
SubscriptionDiagnosticsType,i=2172,false
SystemConditionClassType,i=11166,false
SystemDiagnosticAlarmType,i=18496,false
SystemEventType,i=2130,false
SystemOffNormalAlarmType,i=11753,false
SystemStatusChangeEventType,i=11446,false
TargetVariablesDataType,i=15631,false
TargetVariablesType,i=15111,false
TemporaryFileTransferType,i=15744,false
TestingConditionClassType,i=17221,false
Time,i=292,false
TimeString,i=12880,false
TimeZoneDataType,i=8912,false
ToState,i=52,false
TrainingConditionClassType,i=17220,false
TransitionEventType,i=2311,false
TransitionType,i=2310,false
TransitionVariableType,i=2762,false
TransparentRedundancyType,i=2036,false
TripAlarmType,i=10751,false
TrustListDataType,i=12554,false
TrustListMasks,i=12552,false
TrustListType,i=12522,false
TrustListUpdatedAuditEventType,i=12561,false
TwoStateDiscreteType,i=2373,false
TwoStateVariableType,i=8995,false
UABinaryFileDataType,i=15006,false
UInt16,i=5,true
UInt32,i=7,true
UInt64,i=9,true
UInteger,i=28,true
UadpDataSetMessageContentMask,i=15646,false
UadpDataSetReaderMessageDataType,i=15653,false
UadpDataSetReaderMessageType,i=21116,false
UadpDataSetWriterMessageDataType,i=15652,false
UadpDataSetWriterMessageType,i=21111,false
UadpNetworkMessageContentMask,i=15642,false
UadpWriterGroupMessageDataType,i=15645,false
UadpWriterGroupMessageType,i=21105,false
Union,i=12756,false
UserCredentialCertificateType,i=15181,false
UserIdentityToken,i=316,false
UserNameIdentityToken,i=322,false
UserTokenPolicy,i=304,false
UserTokenType,i=303,false
UtcTime,i=294,false
Variable,ns=1;i=3666,false
Varible,ns=1;i=2011,false
VendorServerInfoType,i=2033,false
VersionTime,i=20998,false
WriterGroupDataType,i=15480,false
WriterGroupMessageDataType,i=15616,false
WriterGroupMessageType,i=17998,false
WriterGroupTransportDataType,i=15611,false
WriterGroupTransportType,i=17997,false
WriterGroupType,i=17725,false
X509IdentityToken,i=325,false
XML Schema,i=92,false
XVType,i=12080,false
XYArrayItemType,i=12038,false
XmlElement,i=16,true
YArrayItemType,i=12029,false
