BodyDiameterMaxClassType,3778,ObjectType
BodyDiameterMaxClassType_Code,3779,Variable
BodyDiameterMaxClassType_Units,3780,Variable
BodyLengthMaxClassType,3782,ObjectType
BodyLengthMaxClassType_Code,3783,Variable
BodyLengthMaxClassType_Units,3784,Variable
ChamferFlatLengthClassType,3786,ObjectType
ChamferFlatLengthClassType_Code,3787,Variable
ChamferFlatLengthClassType_Units,3788,Variable
ChamferWidthClassType,3790,ObjectType
ChamferWidthClassType_Code,3791,Variable
ChamferWidthClassType_Units,3792,Variable
CornerRadiusClassType,3795,ObjectType
CornerRadiusClassType_Code,3796,Variable
CornerRadiusClassType_Units,3797,Variable
CountDirectionDataType,3685,DataType
CountDirectionDataType_EnumStrings,3685,Variable
CutterStatusDataType,3686,DataType
CutterStatusDataType_EnumStrings,3686,Variable
CuttingDiameterClassType,3799,ObjectType
CuttingDiameterClassType_Code,3800,Variable
CuttingDiameterClassType_Units,3801,Variable
CuttingDiameterMaxType,3803,ObjectType
CuttingDiameterMaxType_Code,3804,Variable
CuttingDiameterMaxType_Units,3805,Variable
CuttingEdgeLengthClassType,3807,ObjectType
CuttingEdgeLengthClassType_Code,3808,Variable
CuttingEdgeLengthClassType_Units,3809,Variable
CuttingHeightClassType,3811,ObjectType
CuttingHeightClassType_Code,3812,Variable
CuttingHeightClassType_Units,3813,Variable
CuttingItemClassType,3815,ObjectType
CuttingItemFunctionalLengthClassType,3817,ObjectType
CuttingItemFunctionalLengthClassType_Code,3818,Variable
CuttingItemFunctionalLengthClassType_Units,3819,Variable
CuttingItemWeightClassType,3821,ObjectType
CuttingItemWeightClassType_Code,3822,Variable
CuttingItemWeightClassType_Units,3823,Variable
CuttingToolClassType,3825,ObjectType
CuttingToolClassType_Code,3826,Variable
CuttingToolClassType_Units,3827,Variable
CuttingToolDefintionFormatDataType,3687,DataType
CuttingToolDefintionFormatDataType_EnumStrings,3687,Variable
DepthOfCutMaxClassType,3829,ObjectType
DepthOfCutMaxClassType_Code,3830,Variable
DepthOfCutMaxClassType_Units,3831,Variable
DriveAngleClassType,3833,ObjectType
DriveAngleClassType_Code,3834,Variable
DriveAngleClassType_Units,3835,Variable
FlangeDiameterClassType,3837,ObjectType
FlangeDiameterClassType_Code,3838,Variable
FlangeDiameterClassType_Units,3839,Variable
FlangeDiameterMaxClassType,3841,ObjectType
FlangeDiameterMaxClassType_Code,3842,Variable
FlangeDiameterMaxClassType_Units,3843,Variable
FunctionalLengthClassType,3845,ObjectType
FunctionalLengthClassType_FunctionalLength,3846,Variable
FunctionalLengthClassType_Units,3847,Variable
FunctionalWidthClassType,3849,ObjectType
FunctionalWidthClassType_Code,3850,Variable
FunctionalWidthClassType_Units,3851,Variable
IncribedCircleDiameterClassType,3853,ObjectType
IncribedCircleDiameterClassType_Code,3854,Variable
IncribedCircleDiameterClassType_Units,3855,Variable
InsertWidthClassType,3857,ObjectType
InsertWidthClassType_Code,3858,Variable
InsertWidthClassType_Units,3859,Variable
MTAssetType,3678,ObjectType
MTAssetType_AssetId,3679,Variable
MTAssetType_DeviceUuid,3680,Variable
MTAssetType_MTDescription,3681,Variable
MTAssetType_Removed,3682,Variable
MTAssetType_Timestamp,3683,Variable
MTCutterStatusType,3690,VariableType
MTCutterStatusType_EnumValues,3692,Variable
MTCuttingItemType,3697,ObjectType
MTCuttingItemType_CutterStatus,3706,Variable
MTCuttingItemType_CutterStatus_Definition,3926,Variable
MTCuttingItemType_CutterStatus_EnumStrings,3928,Variable
MTCuttingItemType_CutterStatus_EnumValues,3929,Variable
MTCuttingItemType_CutterStatus_ValuePrecision,3927,Variable
MTCuttingItemType_Grade,3698,Variable
MTCuttingItemType_Indices,3699,Variable
MTCuttingItemType_ItemId,3700,Variable
MTCuttingItemType_Locus,3701,Variable
MTCuttingItemType_MTDescription,3703,Variable
MTCuttingItemType_Manufactures,3702,Variable
MTCuttingItemType_MinutesItemLife,3705,Variable
MTCuttingItemType_MinutesItemLife_CountDirection,3919,Variable
MTCuttingItemType_MinutesItemLife_DataType,3920,Variable
MTCuttingItemType_MinutesItemLife_Definition,3917,Variable
MTCuttingItemType_MinutesItemLife_Initial,3921,Variable
MTCuttingItemType_MinutesItemLife_Limit,3922,Variable
MTCuttingItemType_MinutesItemLife_MTType,3923,Variable
MTCuttingItemType_MinutesItemLife_ValuePrecision,3918,Variable
MTCuttingItemType_MinutesItemLife_ValueRank,3924,Variable
MTCuttingItemType_MinutesItemLife_Warning,3925,Variable
MTCuttingItemType_PartCountItemLife,3707,Variable
MTCuttingItemType_PartCountItemLife_CountDirection,3932,Variable
MTCuttingItemType_PartCountItemLife_DataType,3933,Variable
MTCuttingItemType_PartCountItemLife_Definition,3930,Variable
MTCuttingItemType_PartCountItemLife_Initial,3934,Variable
MTCuttingItemType_PartCountItemLife_Limit,3935,Variable
MTCuttingItemType_PartCountItemLife_MTType,3936,Variable
MTCuttingItemType_PartCountItemLife_ValuePrecision,3931,Variable
MTCuttingItemType_PartCountItemLife_ValueRank,3937,Variable
MTCuttingItemType_PartCountItemLife_Warning,3938,Variable
MTCuttingItemType_WearItemLife,3709,Variable
MTCuttingItemType_WearItemLife_CountDirection,3941,Variable
MTCuttingItemType_WearItemLife_DataType,3942,Variable
MTCuttingItemType_WearItemLife_Definition,3939,Variable
MTCuttingItemType_WearItemLife_Initial,3943,Variable
MTCuttingItemType_WearItemLife_Limit,3944,Variable
MTCuttingItemType_WearItemLife_MTType,3945,Variable
MTCuttingItemType_WearItemLife_ValuePrecision,3940,Variable
MTCuttingItemType_WearItemLife_ValueRank,3946,Variable
MTCuttingItemType_WearItemLife_Warning,3947,Variable
MTCuttingToolArchetypeType,3710,ObjectType
MTCuttingToolArchetypeType_CuttingToolDefinition,3716,Object
MTCuttingToolArchetypeType_CuttingToolDefinition_Data,4017,Object
MTCuttingToolArchetypeType_CuttingToolDefinition_Data_MimeType,4018,Variable
MTCuttingToolArchetypeType_CuttingToolDefinition_Data_OpenCount,4019,Variable
MTCuttingToolArchetypeType_CuttingToolDefinition_Data_Size,4020,Variable
MTCuttingToolArchetypeType_CuttingToolDefinition_Data_UserWritable,4021,Variable
MTCuttingToolArchetypeType_CuttingToolDefinition_Data_Writable,4022,Variable
MTCuttingToolArchetypeType_CuttingToolDefinition_Format,4016,Variable
MTCuttingToolArchetypeType_CuttingToolLifecycle,3715,Object
MTCuttingToolArchetypeType_CuttingToolLifecycle_ConnectionCodeMachineSide,3948,Variable
MTCuttingToolArchetypeType_CuttingToolLifecycle_CutterStatus,3951,Variable
MTCuttingToolArchetypeType_CuttingToolLifecycle_CutterStatus_Definition,3952,Variable
MTCuttingToolArchetypeType_CuttingToolLifecycle_CutterStatus_EnumStrings,3954,Variable
MTCuttingToolArchetypeType_CuttingToolLifecycle_CutterStatus_EnumValues,3955,Variable
MTCuttingToolArchetypeType_CuttingToolLifecycle_CutterStatus_ValuePrecision,3953,Variable
MTCuttingToolArchetypeType_CuttingToolLifecycle_Location,3998,Variable
MTCuttingToolArchetypeType_CuttingToolLifecycle_Location_DataType,4001,Variable
MTCuttingToolArchetypeType_CuttingToolLifecycle_Location_Definition,3999,Variable
MTCuttingToolArchetypeType_CuttingToolLifecycle_Location_NegativeOverlap,4002,Variable
MTCuttingToolArchetypeType_CuttingToolLifecycle_Location_PositiveOverlap,4003,Variable
MTCuttingToolArchetypeType_CuttingToolLifecycle_Location_Type,4004,Variable
MTCuttingToolArchetypeType_CuttingToolLifecycle_Location_ValuePrecision,4000,Variable
MTCuttingToolArchetypeType_CuttingToolLifecycle_Location_ValueRank,4005,Variable
MTCuttingToolArchetypeType_CuttingToolLifecycle_ProcessFeedRate,3976,Variable
MTCuttingToolArchetypeType_CuttingToolLifecycle_ProcessFeedRate_DataType,3979,Variable
MTCuttingToolArchetypeType_CuttingToolLifecycle_ProcessFeedRate_Definition,3977,Variable
MTCuttingToolArchetypeType_CuttingToolLifecycle_ProcessFeedRate_Maximum,3980,Variable
MTCuttingToolArchetypeType_CuttingToolLifecycle_ProcessFeedRate_Minimum,3981,Variable
MTCuttingToolArchetypeType_CuttingToolLifecycle_ProcessFeedRate_Nominal,3982,Variable
MTCuttingToolArchetypeType_CuttingToolLifecycle_ProcessFeedRate_ValuePrecision,3978,Variable
MTCuttingToolArchetypeType_CuttingToolLifecycle_ProcessFeedRate_ValueRank,3983,Variable
MTCuttingToolArchetypeType_CuttingToolLifecycle_ProcessSpindleSpeed,3990,Variable
MTCuttingToolArchetypeType_CuttingToolLifecycle_ProcessSpindleSpeed_DataType,3993,Variable
MTCuttingToolArchetypeType_CuttingToolLifecycle_ProcessSpindleSpeed_Definition,3991,Variable
MTCuttingToolArchetypeType_CuttingToolLifecycle_ProcessSpindleSpeed_Maximum,3994,Variable
MTCuttingToolArchetypeType_CuttingToolLifecycle_ProcessSpindleSpeed_Minimum,3995,Variable
MTCuttingToolArchetypeType_CuttingToolLifecycle_ProcessSpindleSpeed_Nominal,3996,Variable
MTCuttingToolArchetypeType_CuttingToolLifecycle_ProcessSpindleSpeed_ValuePrecision,3992,Variable
MTCuttingToolArchetypeType_CuttingToolLifecycle_ProcessSpindleSpeed_ValueRank,3997,Variable
MTCuttingToolArchetypeType_CuttingToolLifecycle_ProgramToolGroup,3949,Variable
MTCuttingToolArchetypeType_CuttingToolLifecycle_ProgramToolNumber,3950,Variable
MTCuttingToolArchetypeType_CuttingToolLifecycle_ReconditionCount,3984,Variable
MTCuttingToolArchetypeType_CuttingToolLifecycle_ReconditionCount_DataType,3987,Variable
MTCuttingToolArchetypeType_CuttingToolLifecycle_ReconditionCount_Definition,3985,Variable
MTCuttingToolArchetypeType_CuttingToolLifecycle_ReconditionCount_MaximumCount,3988,Variable
MTCuttingToolArchetypeType_CuttingToolLifecycle_ReconditionCount_ValuePrecision,3986,Variable
MTCuttingToolArchetypeType_CuttingToolLifecycle_ReconditionCount_ValueRank,3989,Variable
MTCuttingToolArchetypeType_CuttingToolLifecycle_ToolLifeMinutes,4006,Variable
MTCuttingToolArchetypeType_CuttingToolLifecycle_ToolLifeMinutes_CountDirection,4009,Variable
MTCuttingToolArchetypeType_CuttingToolLifecycle_ToolLifeMinutes_DataType,4010,Variable
MTCuttingToolArchetypeType_CuttingToolLifecycle_ToolLifeMinutes_Definition,4007,Variable
MTCuttingToolArchetypeType_CuttingToolLifecycle_ToolLifeMinutes_Initial,4011,Variable
MTCuttingToolArchetypeType_CuttingToolLifecycle_ToolLifeMinutes_Limit,4012,Variable
MTCuttingToolArchetypeType_CuttingToolLifecycle_ToolLifeMinutes_MTType,4013,Variable
MTCuttingToolArchetypeType_CuttingToolLifecycle_ToolLifeMinutes_ValuePrecision,4008,Variable
MTCuttingToolArchetypeType_CuttingToolLifecycle_ToolLifeMinutes_ValueRank,4014,Variable
MTCuttingToolArchetypeType_CuttingToolLifecycle_ToolLifeMinutes_Warning,4015,Variable
MTCuttingToolArchetypeType_CuttingToolLifecycle_ToolLifePartCount,3956,Variable
MTCuttingToolArchetypeType_CuttingToolLifecycle_ToolLifePartCount_CountDirection,3959,Variable
MTCuttingToolArchetypeType_CuttingToolLifecycle_ToolLifePartCount_DataType,3960,Variable
MTCuttingToolArchetypeType_CuttingToolLifecycle_ToolLifePartCount_Definition,3957,Variable
MTCuttingToolArchetypeType_CuttingToolLifecycle_ToolLifePartCount_Initial,3961,Variable
MTCuttingToolArchetypeType_CuttingToolLifecycle_ToolLifePartCount_Limit,3962,Variable
MTCuttingToolArchetypeType_CuttingToolLifecycle_ToolLifePartCount_MTType,3963,Variable
MTCuttingToolArchetypeType_CuttingToolLifecycle_ToolLifePartCount_ValuePrecision,3958,Variable
MTCuttingToolArchetypeType_CuttingToolLifecycle_ToolLifePartCount_ValueRank,3964,Variable
MTCuttingToolArchetypeType_CuttingToolLifecycle_ToolLifePartCount_Warning,3965,Variable
MTCuttingToolArchetypeType_CuttingToolLifecycle_ToolLifeWear,3966,Variable
MTCuttingToolArchetypeType_CuttingToolLifecycle_ToolLifeWear_CountDirection,3969,Variable
MTCuttingToolArchetypeType_CuttingToolLifecycle_ToolLifeWear_DataType,3970,Variable
MTCuttingToolArchetypeType_CuttingToolLifecycle_ToolLifeWear_Definition,3967,Variable
MTCuttingToolArchetypeType_CuttingToolLifecycle_ToolLifeWear_Initial,3971,Variable
MTCuttingToolArchetypeType_CuttingToolLifecycle_ToolLifeWear_Limit,3972,Variable
MTCuttingToolArchetypeType_CuttingToolLifecycle_ToolLifeWear_MTType,3973,Variable
MTCuttingToolArchetypeType_CuttingToolLifecycle_ToolLifeWear_ValuePrecision,3968,Variable
MTCuttingToolArchetypeType_CuttingToolLifecycle_ToolLifeWear_ValueRank,3974,Variable
MTCuttingToolArchetypeType_CuttingToolLifecycle_ToolLifeWear_Warning,3975,Variable
MTCuttingToolArchetypeType_Manufacturers,3711,Variable
MTCuttingToolArchetypeType_SerialNumber,3712,Variable
MTCuttingToolArchetypeType_ToolId,3713,Variable
MTCuttingToolConstraintType,3717,VariableType
MTCuttingToolConstraintType_DataType,3718,Variable
MTCuttingToolConstraintType_Maximum,3719,Variable
MTCuttingToolConstraintType_Minimum,3720,Variable
MTCuttingToolConstraintType_Nominal,3721,Variable
MTCuttingToolConstraintType_ValueRank,3722,Variable
MTCuttingToolDefinitionType,3724,ObjectType
MTCuttingToolDefinitionType_Data,3727,Object
MTCuttingToolDefinitionType_Data_MimeType,4023,Variable
MTCuttingToolDefinitionType_Data_OpenCount,4024,Variable
MTCuttingToolDefinitionType_Data_Size,4025,Variable
MTCuttingToolDefinitionType_Data_UserWritable,4026,Variable
MTCuttingToolDefinitionType_Data_Writable,4027,Variable
MTCuttingToolDefinitionType_Format,3725,Variable
MTCuttingToolLifeCycleType,3728,ObjectType
MTCuttingToolLifeCycleType_ConnectionCodeMachineSide,3729,Variable
MTCuttingToolLifeCycleType_CutterStatus,3733,Variable
MTCuttingToolLifeCycleType_CutterStatus_Definition,4028,Variable
MTCuttingToolLifeCycleType_CutterStatus_EnumStrings,4030,Variable
MTCuttingToolLifeCycleType_CutterStatus_EnumValues,4031,Variable
MTCuttingToolLifeCycleType_CutterStatus_ValuePrecision,4029,Variable
MTCuttingToolLifeCycleType_Location,3740,Variable
MTCuttingToolLifeCycleType_Location_DataType,4071,Variable
MTCuttingToolLifeCycleType_Location_Definition,4069,Variable
MTCuttingToolLifeCycleType_Location_NegativeOverlap,4072,Variable
MTCuttingToolLifeCycleType_Location_PositiveOverlap,4073,Variable
MTCuttingToolLifeCycleType_Location_Type,4074,Variable
MTCuttingToolLifeCycleType_Location_ValuePrecision,4070,Variable
MTCuttingToolLifeCycleType_Location_ValueRank,4075,Variable
MTCuttingToolLifeCycleType_ProcessFeedRate,3736,Variable
MTCuttingToolLifeCycleType_ProcessFeedRate_DataType,4052,Variable
MTCuttingToolLifeCycleType_ProcessFeedRate_Definition,4050,Variable
MTCuttingToolLifeCycleType_ProcessFeedRate_Maximum,4053,Variable
MTCuttingToolLifeCycleType_ProcessFeedRate_Minimum,4054,Variable
MTCuttingToolLifeCycleType_ProcessFeedRate_Nominal,4055,Variable
MTCuttingToolLifeCycleType_ProcessFeedRate_ValuePrecision,4051,Variable
MTCuttingToolLifeCycleType_ProcessFeedRate_ValueRank,4056,Variable
MTCuttingToolLifeCycleType_ProcessSpindleSpeed,3739,Variable
MTCuttingToolLifeCycleType_ProcessSpindleSpeed_DataType,4064,Variable
MTCuttingToolLifeCycleType_ProcessSpindleSpeed_Definition,4062,Variable
MTCuttingToolLifeCycleType_ProcessSpindleSpeed_Maximum,4065,Variable
MTCuttingToolLifeCycleType_ProcessSpindleSpeed_Minimum,4066,Variable
MTCuttingToolLifeCycleType_ProcessSpindleSpeed_Nominal,4067,Variable
MTCuttingToolLifeCycleType_ProcessSpindleSpeed_ValuePrecision,4063,Variable
MTCuttingToolLifeCycleType_ProcessSpindleSpeed_ValueRank,4068,Variable
MTCuttingToolLifeCycleType_ProgramToolGroup,3730,Variable
MTCuttingToolLifeCycleType_ProgramToolNumber,3731,Variable
MTCuttingToolLifeCycleType_ReconditionCount,3737,Variable
MTCuttingToolLifeCycleType_ReconditionCount_DataType,4059,Variable
MTCuttingToolLifeCycleType_ReconditionCount_Definition,4057,Variable
MTCuttingToolLifeCycleType_ReconditionCount_MaximumCount,4060,Variable
MTCuttingToolLifeCycleType_ReconditionCount_ValuePrecision,4058,Variable
MTCuttingToolLifeCycleType_ReconditionCount_ValueRank,4061,Variable
MTCuttingToolLifeCycleType_ToolLifeMinutes,3741,Variable
MTCuttingToolLifeCycleType_ToolLifeMinutes_CountDirection,4078,Variable
MTCuttingToolLifeCycleType_ToolLifeMinutes_DataType,4079,Variable
MTCuttingToolLifeCycleType_ToolLifeMinutes_Definition,4076,Variable
MTCuttingToolLifeCycleType_ToolLifeMinutes_Initial,4080,Variable
MTCuttingToolLifeCycleType_ToolLifeMinutes_Limit,4081,Variable
MTCuttingToolLifeCycleType_ToolLifeMinutes_MTType,4082,Variable
MTCuttingToolLifeCycleType_ToolLifeMinutes_ValuePrecision,4077,Variable
MTCuttingToolLifeCycleType_ToolLifeMinutes_ValueRank,4083,Variable
MTCuttingToolLifeCycleType_ToolLifeMinutes_Warning,4084,Variable
MTCuttingToolLifeCycleType_ToolLifePartCount,3734,Variable
MTCuttingToolLifeCycleType_ToolLifePartCount_CountDirection,4034,Variable
MTCuttingToolLifeCycleType_ToolLifePartCount_DataType,4035,Variable
MTCuttingToolLifeCycleType_ToolLifePartCount_Definition,4032,Variable
MTCuttingToolLifeCycleType_ToolLifePartCount_Initial,4036,Variable
MTCuttingToolLifeCycleType_ToolLifePartCount_Limit,4037,Variable
MTCuttingToolLifeCycleType_ToolLifePartCount_MTType,4038,Variable
MTCuttingToolLifeCycleType_ToolLifePartCount_ValuePrecision,4033,Variable
MTCuttingToolLifeCycleType_ToolLifePartCount_ValueRank,4039,Variable
MTCuttingToolLifeCycleType_ToolLifePartCount_Warning,4040,Variable
MTCuttingToolLifeCycleType_ToolLifeWear,3735,Variable
MTCuttingToolLifeCycleType_ToolLifeWear_CountDirection,4043,Variable
MTCuttingToolLifeCycleType_ToolLifeWear_DataType,4044,Variable
MTCuttingToolLifeCycleType_ToolLifeWear_Definition,4041,Variable
MTCuttingToolLifeCycleType_ToolLifeWear_Initial,4045,Variable
MTCuttingToolLifeCycleType_ToolLifeWear_Limit,4046,Variable
MTCuttingToolLifeCycleType_ToolLifeWear_MTType,4047,Variable
MTCuttingToolLifeCycleType_ToolLifeWear_ValuePrecision,4042,Variable
MTCuttingToolLifeCycleType_ToolLifeWear_ValueRank,4048,Variable
MTCuttingToolLifeCycleType_ToolLifeWear_Warning,4049,Variable
MTCuttingToolMeasurementType,3742,VariableType
MTCuttingToolMeasurementType_Code,3743,Variable
MTCuttingToolMeasurementType_EngineringUnits,3744,Variable
MTCuttingToolMeasurementType_NativeUnits,3745,Variable
MTCuttingToolMeasurementType_SignificantDigits,3746,Variable
MTCuttingToolMeasurementType_Units,3747,Variable
MTCuttingToolType,3750,ObjectType
MTCuttingToolType_CuttingToolArchitype,3755,Object
MTCuttingToolType_CuttingToolArchitype_AssetId,4085,Variable
MTCuttingToolType_CuttingToolArchitype_CuttingToolDefinition,4162,Object
MTCuttingToolType_CuttingToolArchitype_CuttingToolDefinition_Data,4164,Object
MTCuttingToolType_CuttingToolArchitype_CuttingToolDefinition_Data_MimeType,4165,Variable
MTCuttingToolType_CuttingToolArchitype_CuttingToolDefinition_Data_OpenCount,4166,Variable
MTCuttingToolType_CuttingToolArchitype_CuttingToolDefinition_Data_Size,4167,Variable
MTCuttingToolType_CuttingToolArchitype_CuttingToolDefinition_Data_UserWritable,4168,Variable
MTCuttingToolType_CuttingToolArchitype_CuttingToolDefinition_Data_Writable,4169,Variable
MTCuttingToolType_CuttingToolArchitype_CuttingToolDefinition_Format,4163,Variable
MTCuttingToolType_CuttingToolArchitype_CuttingToolLifecycle,4093,Object
MTCuttingToolType_CuttingToolArchitype_CuttingToolLifecycle_ConnectionCodeMachineSide,4094,Variable
MTCuttingToolType_CuttingToolArchitype_CuttingToolLifecycle_CutterStatus,4097,Variable
MTCuttingToolType_CuttingToolArchitype_CuttingToolLifecycle_CutterStatus_Definition,4098,Variable
MTCuttingToolType_CuttingToolArchitype_CuttingToolLifecycle_CutterStatus_EnumStrings,4100,Variable
MTCuttingToolType_CuttingToolArchitype_CuttingToolLifecycle_CutterStatus_EnumValues,4101,Variable
MTCuttingToolType_CuttingToolArchitype_CuttingToolLifecycle_CutterStatus_ValuePrecision,4099,Variable
MTCuttingToolType_CuttingToolArchitype_CuttingToolLifecycle_Location,4144,Variable
MTCuttingToolType_CuttingToolArchitype_CuttingToolLifecycle_Location_DataType,4147,Variable
MTCuttingToolType_CuttingToolArchitype_CuttingToolLifecycle_Location_Definition,4145,Variable
MTCuttingToolType_CuttingToolArchitype_CuttingToolLifecycle_Location_NegativeOverlap,4148,Variable
MTCuttingToolType_CuttingToolArchitype_CuttingToolLifecycle_Location_PositiveOverlap,4149,Variable
MTCuttingToolType_CuttingToolArchitype_CuttingToolLifecycle_Location_Type,4150,Variable
MTCuttingToolType_CuttingToolArchitype_CuttingToolLifecycle_Location_ValuePrecision,4146,Variable
MTCuttingToolType_CuttingToolArchitype_CuttingToolLifecycle_Location_ValueRank,4151,Variable
MTCuttingToolType_CuttingToolArchitype_CuttingToolLifecycle_ProcessFeedRate,4122,Variable
MTCuttingToolType_CuttingToolArchitype_CuttingToolLifecycle_ProcessFeedRate_DataType,4125,Variable
MTCuttingToolType_CuttingToolArchitype_CuttingToolLifecycle_ProcessFeedRate_Definition,4123,Variable
MTCuttingToolType_CuttingToolArchitype_CuttingToolLifecycle_ProcessFeedRate_Maximum,4126,Variable
MTCuttingToolType_CuttingToolArchitype_CuttingToolLifecycle_ProcessFeedRate_Minimum,4127,Variable
MTCuttingToolType_CuttingToolArchitype_CuttingToolLifecycle_ProcessFeedRate_Nominal,4128,Variable
MTCuttingToolType_CuttingToolArchitype_CuttingToolLifecycle_ProcessFeedRate_ValuePrecision,4124,Variable
MTCuttingToolType_CuttingToolArchitype_CuttingToolLifecycle_ProcessFeedRate_ValueRank,4129,Variable
MTCuttingToolType_CuttingToolArchitype_CuttingToolLifecycle_ProcessSpindleSpeed,4136,Variable
MTCuttingToolType_CuttingToolArchitype_CuttingToolLifecycle_ProcessSpindleSpeed_DataType,4139,Variable
MTCuttingToolType_CuttingToolArchitype_CuttingToolLifecycle_ProcessSpindleSpeed_Definition,4137,Variable
MTCuttingToolType_CuttingToolArchitype_CuttingToolLifecycle_ProcessSpindleSpeed_Maximum,4140,Variable
MTCuttingToolType_CuttingToolArchitype_CuttingToolLifecycle_ProcessSpindleSpeed_Minimum,4141,Variable
MTCuttingToolType_CuttingToolArchitype_CuttingToolLifecycle_ProcessSpindleSpeed_Nominal,4142,Variable
MTCuttingToolType_CuttingToolArchitype_CuttingToolLifecycle_ProcessSpindleSpeed_ValuePrecision,4138,Variable
MTCuttingToolType_CuttingToolArchitype_CuttingToolLifecycle_ProcessSpindleSpeed_ValueRank,4143,Variable
MTCuttingToolType_CuttingToolArchitype_CuttingToolLifecycle_ProgramToolGroup,4095,Variable
MTCuttingToolType_CuttingToolArchitype_CuttingToolLifecycle_ProgramToolNumber,4096,Variable
MTCuttingToolType_CuttingToolArchitype_CuttingToolLifecycle_ReconditionCount,4130,Variable
MTCuttingToolType_CuttingToolArchitype_CuttingToolLifecycle_ReconditionCount_DataType,4133,Variable
MTCuttingToolType_CuttingToolArchitype_CuttingToolLifecycle_ReconditionCount_Definition,4131,Variable
MTCuttingToolType_CuttingToolArchitype_CuttingToolLifecycle_ReconditionCount_MaximumCount,4134,Variable
MTCuttingToolType_CuttingToolArchitype_CuttingToolLifecycle_ReconditionCount_ValuePrecision,4132,Variable
MTCuttingToolType_CuttingToolArchitype_CuttingToolLifecycle_ReconditionCount_ValueRank,4135,Variable
MTCuttingToolType_CuttingToolArchitype_CuttingToolLifecycle_ToolLifeMinutes,4152,Variable
MTCuttingToolType_CuttingToolArchitype_CuttingToolLifecycle_ToolLifeMinutes_CountDirection,4155,Variable
MTCuttingToolType_CuttingToolArchitype_CuttingToolLifecycle_ToolLifeMinutes_DataType,4156,Variable
MTCuttingToolType_CuttingToolArchitype_CuttingToolLifecycle_ToolLifeMinutes_Definition,4153,Variable
MTCuttingToolType_CuttingToolArchitype_CuttingToolLifecycle_ToolLifeMinutes_Initial,4157,Variable
MTCuttingToolType_CuttingToolArchitype_CuttingToolLifecycle_ToolLifeMinutes_Limit,4158,Variable
MTCuttingToolType_CuttingToolArchitype_CuttingToolLifecycle_ToolLifeMinutes_MTType,4159,Variable
MTCuttingToolType_CuttingToolArchitype_CuttingToolLifecycle_ToolLifeMinutes_ValuePrecision,4154,Variable
MTCuttingToolType_CuttingToolArchitype_CuttingToolLifecycle_ToolLifeMinutes_ValueRank,4160,Variable
MTCuttingToolType_CuttingToolArchitype_CuttingToolLifecycle_ToolLifeMinutes_Warning,4161,Variable
MTCuttingToolType_CuttingToolArchitype_CuttingToolLifecycle_ToolLifePartCount,4102,Variable
MTCuttingToolType_CuttingToolArchitype_CuttingToolLifecycle_ToolLifePartCount_CountDirection,4105,Variable
MTCuttingToolType_CuttingToolArchitype_CuttingToolLifecycle_ToolLifePartCount_DataType,4106,Variable
MTCuttingToolType_CuttingToolArchitype_CuttingToolLifecycle_ToolLifePartCount_Definition,4103,Variable
MTCuttingToolType_CuttingToolArchitype_CuttingToolLifecycle_ToolLifePartCount_Initial,4107,Variable
MTCuttingToolType_CuttingToolArchitype_CuttingToolLifecycle_ToolLifePartCount_Limit,4108,Variable
MTCuttingToolType_CuttingToolArchitype_CuttingToolLifecycle_ToolLifePartCount_MTType,4109,Variable
MTCuttingToolType_CuttingToolArchitype_CuttingToolLifecycle_ToolLifePartCount_ValuePrecision,4104,Variable
MTCuttingToolType_CuttingToolArchitype_CuttingToolLifecycle_ToolLifePartCount_ValueRank,4110,Variable
MTCuttingToolType_CuttingToolArchitype_CuttingToolLifecycle_ToolLifePartCount_Warning,4111,Variable
MTCuttingToolType_CuttingToolArchitype_CuttingToolLifecycle_ToolLifeWear,4112,Variable
MTCuttingToolType_CuttingToolArchitype_CuttingToolLifecycle_ToolLifeWear_CountDirection,4115,Variable
MTCuttingToolType_CuttingToolArchitype_CuttingToolLifecycle_ToolLifeWear_DataType,4116,Variable
MTCuttingToolType_CuttingToolArchitype_CuttingToolLifecycle_ToolLifeWear_Definition,4113,Variable
MTCuttingToolType_CuttingToolArchitype_CuttingToolLifecycle_ToolLifeWear_Initial,4117,Variable
MTCuttingToolType_CuttingToolArchitype_CuttingToolLifecycle_ToolLifeWear_Limit,4118,Variable
MTCuttingToolType_CuttingToolArchitype_CuttingToolLifecycle_ToolLifeWear_MTType,4119,Variable
MTCuttingToolType_CuttingToolArchitype_CuttingToolLifecycle_ToolLifeWear_ValuePrecision,4114,Variable
MTCuttingToolType_CuttingToolArchitype_CuttingToolLifecycle_ToolLifeWear_ValueRank,4120,Variable
MTCuttingToolType_CuttingToolArchitype_CuttingToolLifecycle_ToolLifeWear_Warning,4121,Variable
MTCuttingToolType_CuttingToolArchitype_DeviceUuid,4086,Variable
MTCuttingToolType_CuttingToolArchitype_MTDescription,4087,Variable
MTCuttingToolType_CuttingToolArchitype_Manufacturers,4090,Variable
MTCuttingToolType_CuttingToolArchitype_Removed,4088,Variable
MTCuttingToolType_CuttingToolArchitype_SerialNumber,4091,Variable
MTCuttingToolType_CuttingToolArchitype_Timestamp,4089,Variable
MTCuttingToolType_CuttingToolArchitype_ToolId,4092,Variable
MTCuttingToolType_CuttingToolLifecycle,3756,Object
MTCuttingToolType_CuttingToolLifecycle_ConnectionCodeMachineSide,4170,Variable
MTCuttingToolType_CuttingToolLifecycle_CutterStatus,4173,Variable
MTCuttingToolType_CuttingToolLifecycle_CutterStatus_Definition,4174,Variable
MTCuttingToolType_CuttingToolLifecycle_CutterStatus_EnumStrings,4176,Variable
MTCuttingToolType_CuttingToolLifecycle_CutterStatus_EnumValues,4177,Variable
MTCuttingToolType_CuttingToolLifecycle_CutterStatus_ValuePrecision,4175,Variable
MTCuttingToolType_CuttingToolLifecycle_Location,4220,Variable
MTCuttingToolType_CuttingToolLifecycle_Location_DataType,4223,Variable
MTCuttingToolType_CuttingToolLifecycle_Location_Definition,4221,Variable
MTCuttingToolType_CuttingToolLifecycle_Location_NegativeOverlap,4224,Variable
MTCuttingToolType_CuttingToolLifecycle_Location_PositiveOverlap,4225,Variable
MTCuttingToolType_CuttingToolLifecycle_Location_Type,4226,Variable
MTCuttingToolType_CuttingToolLifecycle_Location_ValuePrecision,4222,Variable
MTCuttingToolType_CuttingToolLifecycle_Location_ValueRank,4227,Variable
MTCuttingToolType_CuttingToolLifecycle_ProcessFeedRate,4198,Variable
MTCuttingToolType_CuttingToolLifecycle_ProcessFeedRate_DataType,4201,Variable
MTCuttingToolType_CuttingToolLifecycle_ProcessFeedRate_Definition,4199,Variable
MTCuttingToolType_CuttingToolLifecycle_ProcessFeedRate_Maximum,4202,Variable
MTCuttingToolType_CuttingToolLifecycle_ProcessFeedRate_Minimum,4203,Variable
MTCuttingToolType_CuttingToolLifecycle_ProcessFeedRate_Nominal,4204,Variable
MTCuttingToolType_CuttingToolLifecycle_ProcessFeedRate_ValuePrecision,4200,Variable
MTCuttingToolType_CuttingToolLifecycle_ProcessFeedRate_ValueRank,4205,Variable
MTCuttingToolType_CuttingToolLifecycle_ProcessSpindleSpeed,4212,Variable
MTCuttingToolType_CuttingToolLifecycle_ProcessSpindleSpeed_DataType,4215,Variable
MTCuttingToolType_CuttingToolLifecycle_ProcessSpindleSpeed_Definition,4213,Variable
MTCuttingToolType_CuttingToolLifecycle_ProcessSpindleSpeed_Maximum,4216,Variable
MTCuttingToolType_CuttingToolLifecycle_ProcessSpindleSpeed_Minimum,4217,Variable
MTCuttingToolType_CuttingToolLifecycle_ProcessSpindleSpeed_Nominal,4218,Variable
MTCuttingToolType_CuttingToolLifecycle_ProcessSpindleSpeed_ValuePrecision,4214,Variable
MTCuttingToolType_CuttingToolLifecycle_ProcessSpindleSpeed_ValueRank,4219,Variable
MTCuttingToolType_CuttingToolLifecycle_ProgramToolGroup,4171,Variable
MTCuttingToolType_CuttingToolLifecycle_ProgramToolNumber,4172,Variable
MTCuttingToolType_CuttingToolLifecycle_ReconditionCount,4206,Variable
MTCuttingToolType_CuttingToolLifecycle_ReconditionCount_DataType,4209,Variable
MTCuttingToolType_CuttingToolLifecycle_ReconditionCount_Definition,4207,Variable
MTCuttingToolType_CuttingToolLifecycle_ReconditionCount_MaximumCount,4210,Variable
MTCuttingToolType_CuttingToolLifecycle_ReconditionCount_ValuePrecision,4208,Variable
MTCuttingToolType_CuttingToolLifecycle_ReconditionCount_ValueRank,4211,Variable
MTCuttingToolType_CuttingToolLifecycle_ToolLifeMinutes,4228,Variable
MTCuttingToolType_CuttingToolLifecycle_ToolLifeMinutes_CountDirection,4231,Variable
MTCuttingToolType_CuttingToolLifecycle_ToolLifeMinutes_DataType,4232,Variable
MTCuttingToolType_CuttingToolLifecycle_ToolLifeMinutes_Definition,4229,Variable
MTCuttingToolType_CuttingToolLifecycle_ToolLifeMinutes_Initial,4233,Variable
MTCuttingToolType_CuttingToolLifecycle_ToolLifeMinutes_Limit,4234,Variable
MTCuttingToolType_CuttingToolLifecycle_ToolLifeMinutes_MTType,4235,Variable
MTCuttingToolType_CuttingToolLifecycle_ToolLifeMinutes_ValuePrecision,4230,Variable
MTCuttingToolType_CuttingToolLifecycle_ToolLifeMinutes_ValueRank,4236,Variable
MTCuttingToolType_CuttingToolLifecycle_ToolLifeMinutes_Warning,4237,Variable
MTCuttingToolType_CuttingToolLifecycle_ToolLifePartCount,4178,Variable
MTCuttingToolType_CuttingToolLifecycle_ToolLifePartCount_CountDirection,4181,Variable
MTCuttingToolType_CuttingToolLifecycle_ToolLifePartCount_DataType,4182,Variable
MTCuttingToolType_CuttingToolLifecycle_ToolLifePartCount_Definition,4179,Variable
MTCuttingToolType_CuttingToolLifecycle_ToolLifePartCount_Initial,4183,Variable
MTCuttingToolType_CuttingToolLifecycle_ToolLifePartCount_Limit,4184,Variable
MTCuttingToolType_CuttingToolLifecycle_ToolLifePartCount_MTType,4185,Variable
MTCuttingToolType_CuttingToolLifecycle_ToolLifePartCount_ValuePrecision,4180,Variable
MTCuttingToolType_CuttingToolLifecycle_ToolLifePartCount_ValueRank,4186,Variable
MTCuttingToolType_CuttingToolLifecycle_ToolLifePartCount_Warning,4187,Variable
MTCuttingToolType_CuttingToolLifecycle_ToolLifeWear,4188,Variable
MTCuttingToolType_CuttingToolLifecycle_ToolLifeWear_CountDirection,4191,Variable
MTCuttingToolType_CuttingToolLifecycle_ToolLifeWear_DataType,4192,Variable
MTCuttingToolType_CuttingToolLifecycle_ToolLifeWear_Definition,4189,Variable
MTCuttingToolType_CuttingToolLifecycle_ToolLifeWear_Initial,4193,Variable
MTCuttingToolType_CuttingToolLifecycle_ToolLifeWear_Limit,4194,Variable
MTCuttingToolType_CuttingToolLifecycle_ToolLifeWear_MTType,4195,Variable
MTCuttingToolType_CuttingToolLifecycle_ToolLifeWear_ValuePrecision,4190,Variable
MTCuttingToolType_CuttingToolLifecycle_ToolLifeWear_ValueRank,4196,Variable
MTCuttingToolType_CuttingToolLifecycle_ToolLifeWear_Warning,4197,Variable
MTCuttingToolType_Manufacturers,3751,Variable
MTCuttingToolType_SerialNumber,3752,Variable
MTCuttingToolType_ToolId,3753,Variable
MTLocationDataType,3688,DataType
MTLocationDataType_EnumStrings,3688,Variable
MTLocationType,3757,VariableType
MTLocationType_DataType,3758,Variable
MTLocationType_NegativeOverlap,3759,Variable
MTLocationType_PositiveOverlap,3760,Variable
MTLocationType_Type,3761,Variable
MTLocationType_ValueRank,3762,Variable
MTReconditionCountType,3764,VariableType
MTReconditionCountType_DataType,3765,Variable
MTReconditionCountType_MaximumCount,3766,Variable
MTReconditionCountType_ValueRank,3767,Variable
MTToolLifeType,3769,VariableType
MTToolLifeType_CountDirection,3770,Variable
MTToolLifeType_DataType,3771,Variable
MTToolLifeType_Initial,3772,Variable
MTToolLifeType_Limit,3773,Variable
MTToolLifeType_MTType,3774,Variable
MTToolLifeType_ValueRank,3775,Variable
MTToolLifeType_Warning,3776,Variable
Opc.Ua.MTConnect(Binary),2729,Variable
Opc.Ua.MTConnect(Binary)_Deprecated,2732,Variable
Opc.Ua.MTConnect(Binary)_NamespaceUri,2731,Variable
Opc.Ua.MTConnect(XML),2733,Variable
Opc.Ua.MTConnect(XML)_Deprecated,2736,Variable
Opc.Ua.MTConnect(XML)_NamespaceUri,2735,Variable
OverallToolLengthClassType,3861,ObjectType
OverallToolLengthClassType_Code,3862,Variable
OverallToolLengthClassType_Units,3863,Variable
PointAngleClassType,3865,ObjectType
PointAngleClassType_Code,3866,Variable
PointAngleClassType_Units,3867,Variable
ProtrudingLengthClassType,3869,ObjectType
ProtrudingLengthClassType_Code,3870,Variable
ProtrudingLengthClassType_Units,3871,Variable
ShankDiameterClassType,3873,ObjectType
ShankDiameterClassType_Code,3874,Variable
ShankDiameterClassType_Units,3875,Variable
ShankHeightClassType,3877,ObjectType
ShankHeightClassType_Code,3878,Variable
ShankHeightClassType_Units,3879,Variable
ShankLengthClassType,3881,ObjectType
ShankLengthClassType_Code,3882,Variable
ShankLengthClassType_Units,3883,Variable
StepDiameterLengthClassType,3885,ObjectType
StepDiameterLengthClassType_Code,3886,Variable
StepDiameterLengthClassType_Units,3887,Variable
StepIncludedAngleClassType,3889,ObjectType
StepIncludedAngleClassType_Code,3890,Variable
StepIncludedAngleClassType_Units,3891,Variable
ToolCuttingEdgeAngleClassType,3893,ObjectType
ToolCuttingEdgeAngleClassType_Code,3894,Variable
ToolCuttingEdgeAngleClassType_Units,3895,Variable
ToolLeadAngleClassType,3897,ObjectType
ToolLeadAngleClassType_Code,3898,Variable
ToolLeadAngleClassType_Units,3899,Variable
ToolOrientationClassType,3901,ObjectType
ToolOrientationClassType_Code,3902,Variable
ToolOrientationClassType_Units,3903,Variable
UsableLengthMaxClassType,3905,ObjectType
UsableLengthMaxClassType_Code,3906,Variable
UsableLengthMaxClassType_Units,3907,Variable
WeightClassType,3909,ObjectType
WeightClassType_Code,3910,Variable
WeightClassType_Units,3911,Variable
WiperEdgeLengthClassType,3913,ObjectType
WiperEdgeLengthClassType_Code,3914,Variable
WiperEdgeLengthClassType_Units,3915,Variable
http://opcfoundation.org/UA/MTConnect/2.0/,3630,Object
http://opcfoundation.org/UA/MTConnect/2.0/_IsNamespaceSubset,3635,Variable
http://opcfoundation.org/UA/MTConnect/2.0/_NamespacePublicationDate,3634,Variable
http://opcfoundation.org/UA/MTConnect/2.0/_NamespaceUri,3632,Variable
http://opcfoundation.org/UA/MTConnect/2.0/_NamespaceVersion,3633,Variable
http://opcfoundation.org/UA/MTConnect/2.0/_StaticNodeIdTypes,3636,Variable
http://opcfoundation.org/UA/MTConnect/2.0/_StaticNumericNodeIdRange,3637,Variable
http://opcfoundation.org/UA/MTConnect/2.0/_StaticStringNodeIdPattern,3638,Variable
