AScaleSubClassType,2488,ObjectType
AbsoluteSubClassType,2478,ObjectType
AccelerationClassType,2265,ObjectType
AccumulatedTimeClassType,2267,ObjectType
ActionSubClassType,2482,ObjectType
ActiveStateDataType,2197,DataType
ActiveStateDataType_EnumStrings,2197,Variable
ActualSubClassType,2480,ObjectType
ActuatorClassType,2411,ObjectType
ActuatorStateClassType,2146,ObjectType
ActuatorStateClassType_EnumStrings,3057,Variable
ActuatorType,2074,ObjectType
AllSubClassType,2484,ObjectType
AlternatingSubClassType,2486,ObjectType
AmperageClassType,2273,ObjectType
AngleClassType,2275,ObjectType
AngularAccelerationClassType,2269,ObjectType
AngularVelocityClassType,2271,ObjectType
AssetChangedClassType,2405,ObjectType
AssetEventDataType,2618,DataType
AssetRemovedClassType,2407,ObjectType
AuxiliariesType,2076,ObjectType
AuxiliarySubClassType,2490,ObjectType
AvailabilityClassType,2149,ObjectType
AvailabilityClassType_EnumStrings,3058,Variable
AvailabilityDataType,2198,DataType
AvailabilityDataType_EnumStrings,2198,Variable
AxesType,2078,ObjectType
AxisCouplingClassType,2152,ObjectType
AxisCouplingClassType_EnumStrings,3059,Variable
AxisCouplingDataType,2199,DataType
AxisCouplingDataType_EnumStrings,2199,Variable
AxisFeedrateClassType,2277,ObjectType
AxisFeedrateOverrideClassType,2347,ObjectType
AxisInterlockClassType,2155,ObjectType
AxisInterlockClassType_EnumStrings,3060,Variable
AxisStateClassType,2158,ObjectType
AxisStateClassType_EnumStrings,3061,Variable
AxisStateDataType,2200,DataType
AxisStateDataType_EnumStrings,2200,Variable
BScaleSubClassType,2496,ObjectType
BadSubClassType,2492,ObjectType
BarFeederInterfaceType,2080,ObjectType
BarFeederType,2082,ObjectType
BlockClassType,2363,ObjectType
BlockCountClassType,2349,ObjectType
BrinellSubClassType,2494,ObjectType
CScaleSubClassType,2504,ObjectType
ChuckInterfaceType,2084,ObjectType
ChuckInterlockClassType,2161,ObjectType
ChuckInterlockClassType_EnumStrings,3062,Variable
ChuckStateClassType,2164,ObjectType
ChuckStateClassType_EnumStrings,3063,Variable
ChuckType,2086,ObjectType
ClockTimeClassType,2279,ObjectType
CloseChuckClassType,2256,ObjectType
CloseChuckClassType_EnumStrings,3088,Variable
CloseDoorClassType,2250,ObjectType
CloseDoorClassType_EnumStrings,3086,Variable
CommandedSubClassType,2498,ObjectType
CommunicationsClassType,2413,ObjectType
CompositionStateClassType,2173,ObjectType
CompositionStateClassType_EnumStrings,3066,Variable
CompositionStateDataType,2202,DataType
CompositionStateDataType_EnumStrings,2202,Variable
ConcentrationClassType,2281,ObjectType
ConductivityClassType,2283,ObjectType
ControlSubClassType,2502,ObjectType
ControllerModeClassType,2167,ObjectType
ControllerModeClassType_EnumStrings,3064,Variable
ControllerModeDataType,2203,DataType
ControllerModeDataType_EnumStrings,2203,Variable
ControllerModeOverrideClassType,2176,ObjectType
ControllerModeOverrideClassType_EnumStrings,3067,Variable
ControllerType,2088,ObjectType
CoolantType,2090,ObjectType
CountDirectionDataType,3151,DataType
CountDirectionDataType_EnumStrings,3151,Variable
CoupledAxesClassType,2365,ObjectType
CutterStatusDataType,3123,DataType
CutterStatusDataType_EnumStrings,3123,Variable
CuttingToolDefintionFormatDataType,3122,DataType
CuttingToolDefintionFormatDataType_EnumStrings,3122,Variable
DScaleSubClassType,2512,ObjectType
DataRangeClassType,2415,ObjectType
DelaySubClassType,2506,ObjectType
DielectricType,2092,ObjectType
DirectSubClassType,2508,ObjectType
DirectionClassType,2179,ObjectType
DirectionClassType_EnumStrings,3068,Variable
DirectionDataType,2205,DataType
DirectionDataType_EnumStrings,2205,Variable
DisplacementClassType,2285,ObjectType
DoorInterfaceType,2094,ObjectType
DoorStateClassType,2182,ObjectType
DoorStateClassType_EnumStrings,3069,Variable
DoorType,2096,ObjectType
DryRunSubClassType,2510,ObjectType
ElectricType,2098,ObjectType
ElectricalEnergyClassType,2287,ObjectType
EmergencyStopClassType,2185,ObjectType
EmergencyStopClassType_EnumStrings,3070,Variable
EmergencyStopDataType,2207,DataType
EmergencyStopDataType_EnumStrings,2207,Variable
EnclosureType,2100,ObjectType
EndOfBarClassType,2188,ObjectType
EndOfBarClassType_EnumStrings,3071,Variable
EnvironmentalType,2102,ObjectType
EquipmentModeClassType,2191,ObjectType
EquipmentModeClassType_EnumStrings,3072,Variable
EquipmentTimerClassType,2289,ObjectType
ExecutionClassType,2170,ObjectType
ExecutionClassType_EnumStrings,3065,Variable
ExecutionDataType,2262,DataType
ExecutionDataType_EnumStrings,2262,Variable
FeederType,2104,ObjectType
FillLevelClassType,2291,ObjectType
FixtureSubClassType,2514,ObjectType
FlowClassType,2293,ObjectType
FrequencyClassType,2295,ObjectType
FunctionalModeClassType,2194,ObjectType
FunctionalModeClassType_EnumStrings,3073,Variable
FunctionalModeDataType,2208,DataType
FunctionalModeDataType_EnumStrings,2208,Variable
GoodSubClassType,2500,ObjectType
HardnessClassType,2351,ObjectType
HardwareClassType,2419,ObjectType
HasCuttingToolArchetype,3128,ReferenceType
HasMTClassType,2680,ReferenceType
HasMTComposition,2687,ReferenceType
HasMTReference,2672,ReferenceType
HasMTSource,2689,ReferenceType
HasMTSubClassType,2683,ReferenceType
HydraulicType,2106,ObjectType
IncrementalSubClassType,2516,ObjectType
InterfaceStateClassType,2227,ObjectType
InterfaceStateClassType_EnumStrings,3079,Variable
InterfaceStateDataType,2234,DataType
InterfaceStateDataType_EnumStrings,2234,Variable
InterfaceStatusDataType,2230,DataType
InterfaceStatusDataType_EnumStrings,2230,Variable
InterfacesType,2108,ObjectType
JobSubClassType,2518,ObjectType
KineticSubClassType,2520,ObjectType
LateralSubClassType,2522,ObjectType
LeebSubClassType,2524,ObjectType
LengthClassType,2297,ObjectType
LengthSubClassType,2526,ObjectType
LineClassType,2409,ObjectType
LineLabelClassType,2367,ObjectType
LineNumberClassType,2353,ObjectType
LineSubClassType,2530,ObjectType
LinearForceClassType,2299,ObjectType
LinearSubClassType,2528,ObjectType
LinearType,2110,ObjectType
LoadClassType,2263,ObjectType
LoadedSubClassType,2532,ObjectType
LoaderType,2112,ObjectType
LogicProgramClassType,2417,ObjectType
LubricationType,2114,ObjectType
MTAssetEventType,2621,VariableType
MTAssetEventType_Category,2753,Variable
MTAssetEventType_Constraints,2760,Object
MTAssetEventType_Constraints_Maximum,2763,Variable
MTAssetEventType_Constraints_Minimum,2762,Variable
MTAssetEventType_Constraints_Nominal,2764,Variable
MTAssetEventType_Constraints_Values,2761,Variable
MTAssetEventType_MTSubTypeName,2755,Variable
MTAssetEventType_MTTypeName,2754,Variable
MTAssetEventType_Name,2752,Variable
MTAssetEventType_PeriodFilter,2759,Variable
MTAssetEventType_Representation,2758,Variable
MTAssetEventType_SampleRate,2757,Variable
MTAssetEventType_SourceData,2756,Variable
MTAssetEventType_XmlId,2751,Variable
MTAssetType,3091,ObjectType
MTAssetType_AssetId,3092,Variable
MTAssetType_DeviceUuid,3094,Variable
MTAssetType_MTDescription,3192,Variable
MTAssetType_Removed,3095,Variable
MTAssetType_Timestamp,3093,Variable
MTCategoryType,2634,DataType
MTCategoryType_EnumStrings,2634,Variable
MTChannelType,2059,ObjectType
MTChannelType_CalibrationDate,2063,Variable
MTChannelType_CalibrationInitials,2065,Variable
MTChannelType_MTDescription,2062,Variable
MTChannelType_Name,2061,Variable
MTChannelType_NextCalibrationDate,2064,Variable
MTChannelType_Number,2060,Variable
MTComponentType,2021,ObjectType
MTComponentType_Components,2042,Object
MTComponentType_Compositions,2043,Object
MTComponentType_Configuration,2029,Object
MTComponentType_Description,2028,Object
MTComponentType_Description_Data,2740,Variable
MTComponentType_Description_Manufacturer,2739,Variable
MTComponentType_Description_SerialNumber,2738,Variable
MTComponentType_Description_Station,2737,Variable
MTComponentType_Name,2023,Variable
MTComponentType_NativeName,2024,Variable
MTComponentType_SampleInterval,2027,Variable
MTComponentType_SampleRate,2026,Variable
MTComponentType_Uuid,2025,Variable
MTComponentType_XmlId,2022,Variable
MTCompositionType,2067,ObjectType
MTCompositionType_Description,2073,Object
MTCompositionType_Description_Data,2744,Variable
MTCompositionType_Description_Manufacturer,2743,Variable
MTCompositionType_Description_SerialNumber,2742,Variable
MTCompositionType_Description_Station,2741,Variable
MTCompositionType_MTTypeName,2069,Variable
MTCompositionType_Name,2071,Variable
MTCompositionType_Uuid,2070,Variable
MTCompositionType_XmlId,2068,Variable
MTConditionClassType,2629,ObjectType
MTConditionType,2660,ObjectType
MTConditionType_ActiveState,2666,Variable
MTConditionType_ActiveState_EffectiveDisplayName,2932,Variable
MTConditionType_ActiveState_EffectiveTransitionTime,2934,Variable
MTConditionType_ActiveState_FalseState,2936,Variable
MTConditionType_ActiveState_Id,2929,Variable
MTConditionType_ActiveState_Name,2930,Variable
MTConditionType_ActiveState_Number,2931,Variable
MTConditionType_ActiveState_TransitionTime,2933,Variable
MTConditionType_ActiveState_TrueState,2935,Variable
MTConditionType_Category,2917,Variable
MTConditionType_Constraints,2924,Object
MTConditionType_Constraints_Maximum,2927,Variable
MTConditionType_Constraints_Minimum,2926,Variable
MTConditionType_Constraints_Nominal,2928,Variable
MTConditionType_Constraints_Values,2925,Variable
MTConditionType_MTSeverity,2663,Variable
MTConditionType_MTSubTypeName,2919,Variable
MTConditionType_MTTypeName,2918,Variable
MTConditionType_Name,2916,Variable
MTConditionType_NativeCode,2661,Variable
MTConditionType_NativeSeverity,2662,Variable
MTConditionType_PeriodFilter,2923,Variable
MTConditionType_Qualifier,2664,Variable
MTConditionType_Representation,2922,Variable
MTConditionType_SampleRate,2921,Variable
MTConditionType_SourceData,2920,Variable
MTConditionType_XmlId,2915,Variable
MTConfigurationType,2044,ObjectType
MTConstraintType,2647,ObjectType
MTConstraintType_Maximum,2650,Variable
MTConstraintType_Minimum,2649,Variable
MTConstraintType_Nominal,2651,Variable
MTConstraintType_Values,2648,Variable
MTControlledVocabEventClassType,2144,ObjectType
MTControlledVocabEventType,2626,VariableType
MTControlledVocabEventType_Category,2773,Variable
MTControlledVocabEventType_Constraints,2780,Object
MTControlledVocabEventType_Constraints_Maximum,2783,Variable
MTControlledVocabEventType_Constraints_Minimum,2782,Variable
MTControlledVocabEventType_Constraints_Nominal,2784,Variable
MTControlledVocabEventType_Constraints_Values,2781,Variable
MTControlledVocabEventType_MTSubTypeName,2775,Variable
MTControlledVocabEventType_MTTypeName,2774,Variable
MTControlledVocabEventType_Name,2772,Variable
MTControlledVocabEventType_PeriodFilter,2779,Variable
MTControlledVocabEventType_Representation,2778,Variable
MTControlledVocabEventType_SampleRate,2777,Variable
MTControlledVocabEventType_SourceData,2776,Variable
MTControlledVocabEventType_ValueAsText,3090,Variable
MTControlledVocabEventType_XmlId,2771,Variable
MTCoordinateSystemType,2635,DataType
MTCoordinateSystemType_EnumStrings,2635,Variable
MTCutterStatusType,3124,VariableType
MTCutterStatusType_EnumValues,3126,Variable
MTCuttingItemType,3400,ObjectType
MTCuttingItemType_CutterStatus,3408,Variable
MTCuttingItemType_CutterStatus_Definition,3418,Variable
MTCuttingItemType_CutterStatus_EnumValues,3420,Variable
MTCuttingItemType_CutterStatus_ValueAsText,3421,Variable
MTCuttingItemType_CutterStatus_ValuePrecision,3419,Variable
MTCuttingItemType_Grade,3403,Variable
MTCuttingItemType_Indices,3401,Variable
MTCuttingItemType_ItemId,3402,Variable
MTCuttingItemType_Locus,3406,Variable
MTCuttingItemType_MTDescription,3405,Variable
MTCuttingItemType_Manufactures,3404,Variable
MTCuttingItemType_Measurements,3409,Object
MTCuttingItemType_MinutesItemLife,3410,Variable
MTCuttingItemType_MinutesItemLife_CountDirection,3425,Variable
MTCuttingItemType_MinutesItemLife_Definition,3422,Variable
MTCuttingItemType_MinutesItemLife_Initial,3428,Variable
MTCuttingItemType_MinutesItemLife_Limit,3427,Variable
MTCuttingItemType_MinutesItemLife_MTType,3424,Variable
MTCuttingItemType_MinutesItemLife_ValuePrecision,3423,Variable
MTCuttingItemType_MinutesItemLife_Warning,3426,Variable
MTCuttingItemType_PartCountItemLife,3412,Variable
MTCuttingItemType_PartCountItemLife_CountDirection,3439,Variable
MTCuttingItemType_PartCountItemLife_Definition,3436,Variable
MTCuttingItemType_PartCountItemLife_Initial,3442,Variable
MTCuttingItemType_PartCountItemLife_Limit,3441,Variable
MTCuttingItemType_PartCountItemLife_MTType,3438,Variable
MTCuttingItemType_PartCountItemLife_ValuePrecision,3437,Variable
MTCuttingItemType_PartCountItemLife_Warning,3440,Variable
MTCuttingItemType_WearItemLife,3411,Variable
MTCuttingItemType_WearItemLife_CountDirection,3432,Variable
MTCuttingItemType_WearItemLife_Definition,3429,Variable
MTCuttingItemType_WearItemLife_Initial,3435,Variable
MTCuttingItemType_WearItemLife_Limit,3434,Variable
MTCuttingItemType_WearItemLife_MTType,3431,Variable
MTCuttingItemType_WearItemLife_ValuePrecision,3430,Variable
MTCuttingItemType_WearItemLife_Warning,3433,Variable
MTCuttingItemsFolderType,3414,ObjectType
MTCuttingItemsFolderType_Count,3415,Variable
MTCuttingToolArchetypeType,3115,ObjectType
MTCuttingToolArchetypeType_CuttingToolDefinition,3121,Object
MTCuttingToolArchetypeType_CuttingToolDefinition_Data,3499,Variable
MTCuttingToolArchetypeType_CuttingToolDefinition_Format,3498,Variable
MTCuttingToolArchetypeType_CuttingToolLifecycle,3120,Object
MTCuttingToolArchetypeType_CuttingToolLifecycle_ConnectionCodeMachineSide,3444,Variable
MTCuttingToolArchetypeType_CuttingToolLifecycle_CutterStatus,3446,Variable
MTCuttingToolArchetypeType_CuttingToolLifecycle_CutterStatus_Definition,3447,Variable
MTCuttingToolArchetypeType_CuttingToolLifecycle_CutterStatus_EnumValues,3449,Variable
MTCuttingToolArchetypeType_CuttingToolLifecycle_CutterStatus_ValueAsText,3450,Variable
MTCuttingToolArchetypeType_CuttingToolLifecycle_CutterStatus_ValuePrecision,3448,Variable
MTCuttingToolArchetypeType_CuttingToolLifecycle_CuttingItems,3623,Object
MTCuttingToolArchetypeType_CuttingToolLifecycle_CuttingItems_Count,3624,Variable
MTCuttingToolArchetypeType_CuttingToolLifecycle_Location,3475,Variable
MTCuttingToolArchetypeType_CuttingToolLifecycle_Location_Definition,3476,Variable
MTCuttingToolArchetypeType_CuttingToolLifecycle_Location_NegativeOverlap,3480,Variable
MTCuttingToolArchetypeType_CuttingToolLifecycle_Location_PositiveOverlap,3479,Variable
MTCuttingToolArchetypeType_CuttingToolLifecycle_Location_Type,3478,Variable
MTCuttingToolArchetypeType_CuttingToolLifecycle_Location_ValuePrecision,3477,Variable
MTCuttingToolArchetypeType_CuttingToolLifecycle_Measurements,3497,Object
MTCuttingToolArchetypeType_CuttingToolLifecycle_ProcessFeedRate,3491,Variable
MTCuttingToolArchetypeType_CuttingToolLifecycle_ProcessFeedRate_Definition,3492,Variable
MTCuttingToolArchetypeType_CuttingToolLifecycle_ProcessFeedRate_Maximum,3494,Variable
MTCuttingToolArchetypeType_CuttingToolLifecycle_ProcessFeedRate_Minimum,3495,Variable
MTCuttingToolArchetypeType_CuttingToolLifecycle_ProcessFeedRate_Nominal,3496,Variable
MTCuttingToolArchetypeType_CuttingToolLifecycle_ProcessFeedRate_ValuePrecision,3493,Variable
MTCuttingToolArchetypeType_CuttingToolLifecycle_ProcessSpindleSpeed,3485,Variable
MTCuttingToolArchetypeType_CuttingToolLifecycle_ProcessSpindleSpeed_Definition,3486,Variable
MTCuttingToolArchetypeType_CuttingToolLifecycle_ProcessSpindleSpeed_Maximum,3488,Variable
MTCuttingToolArchetypeType_CuttingToolLifecycle_ProcessSpindleSpeed_Minimum,3489,Variable
MTCuttingToolArchetypeType_CuttingToolLifecycle_ProcessSpindleSpeed_Nominal,3490,Variable
MTCuttingToolArchetypeType_CuttingToolLifecycle_ProcessSpindleSpeed_ValuePrecision,3487,Variable
MTCuttingToolArchetypeType_CuttingToolLifecycle_ProgramToolGroup,3443,Variable
MTCuttingToolArchetypeType_CuttingToolLifecycle_ProgramToolNumber,3445,Variable
MTCuttingToolArchetypeType_CuttingToolLifecycle_ReconditionCount,3481,Variable
MTCuttingToolArchetypeType_CuttingToolLifecycle_ReconditionCount_Definition,3482,Variable
MTCuttingToolArchetypeType_CuttingToolLifecycle_ReconditionCount_MaximumCount,3484,Variable
MTCuttingToolArchetypeType_CuttingToolLifecycle_ReconditionCount_ValuePrecision,3483,Variable
MTCuttingToolArchetypeType_CuttingToolLifecycle_ToolLifeMinutes,3451,Variable
MTCuttingToolArchetypeType_CuttingToolLifecycle_ToolLifeMinutes_CountDirection,3455,Variable
MTCuttingToolArchetypeType_CuttingToolLifecycle_ToolLifeMinutes_Definition,3452,Variable
MTCuttingToolArchetypeType_CuttingToolLifecycle_ToolLifeMinutes_Initial,3458,Variable
MTCuttingToolArchetypeType_CuttingToolLifecycle_ToolLifeMinutes_Limit,3457,Variable
MTCuttingToolArchetypeType_CuttingToolLifecycle_ToolLifeMinutes_MTType,3454,Variable
MTCuttingToolArchetypeType_CuttingToolLifecycle_ToolLifeMinutes_ValuePrecision,3453,Variable
MTCuttingToolArchetypeType_CuttingToolLifecycle_ToolLifeMinutes_Warning,3456,Variable
MTCuttingToolArchetypeType_CuttingToolLifecycle_ToolLifePartCount,3467,Variable
MTCuttingToolArchetypeType_CuttingToolLifecycle_ToolLifePartCount_CountDirection,3471,Variable
MTCuttingToolArchetypeType_CuttingToolLifecycle_ToolLifePartCount_Definition,3468,Variable
MTCuttingToolArchetypeType_CuttingToolLifecycle_ToolLifePartCount_Initial,3474,Variable
MTCuttingToolArchetypeType_CuttingToolLifecycle_ToolLifePartCount_Limit,3473,Variable
MTCuttingToolArchetypeType_CuttingToolLifecycle_ToolLifePartCount_MTType,3470,Variable
MTCuttingToolArchetypeType_CuttingToolLifecycle_ToolLifePartCount_ValuePrecision,3469,Variable
MTCuttingToolArchetypeType_CuttingToolLifecycle_ToolLifePartCount_Warning,3472,Variable
MTCuttingToolArchetypeType_CuttingToolLifecycle_ToolLifeWear,3459,Variable
MTCuttingToolArchetypeType_CuttingToolLifecycle_ToolLifeWear_CountDirection,3463,Variable
MTCuttingToolArchetypeType_CuttingToolLifecycle_ToolLifeWear_Definition,3460,Variable
MTCuttingToolArchetypeType_CuttingToolLifecycle_ToolLifeWear_Initial,3466,Variable
MTCuttingToolArchetypeType_CuttingToolLifecycle_ToolLifeWear_Limit,3465,Variable
MTCuttingToolArchetypeType_CuttingToolLifecycle_ToolLifeWear_MTType,3462,Variable
MTCuttingToolArchetypeType_CuttingToolLifecycle_ToolLifeWear_ValuePrecision,3461,Variable
MTCuttingToolArchetypeType_CuttingToolLifecycle_ToolLifeWear_Warning,3464,Variable
MTCuttingToolArchetypeType_Manufacturers,3117,Variable
MTCuttingToolArchetypeType_SerialNumber,3116,Variable
MTCuttingToolArchetypeType_ToolId,3118,Variable
MTCuttingToolConstraintType,3165,VariableType
MTCuttingToolConstraintType_Maximum,3168,Variable
MTCuttingToolConstraintType_Minimum,3169,Variable
MTCuttingToolConstraintType_Nominal,3170,Variable
MTCuttingToolDefinitionType,3111,ObjectType
MTCuttingToolDefinitionType_Data,3113,Variable
MTCuttingToolDefinitionType_Format,3112,Variable
MTCuttingToolLifeCycleType,3108,ObjectType
MTCuttingToolLifeCycleType_ConnectionCodeMachineSide,3131,Variable
MTCuttingToolLifeCycleType_CutterStatus,3110,Variable
MTCuttingToolLifeCycleType_CutterStatus_Definition,3500,Variable
MTCuttingToolLifeCycleType_CutterStatus_EnumValues,3502,Variable
MTCuttingToolLifeCycleType_CutterStatus_ValueAsText,3503,Variable
MTCuttingToolLifeCycleType_CutterStatus_ValuePrecision,3501,Variable
MTCuttingToolLifeCycleType_CuttingItems,3622,Object
MTCuttingToolLifeCycleType_CuttingItems_Count,3625,Variable
MTCuttingToolLifeCycleType_Location,3136,Variable
MTCuttingToolLifeCycleType_Location_Definition,3525,Variable
MTCuttingToolLifeCycleType_Location_NegativeOverlap,3529,Variable
MTCuttingToolLifeCycleType_Location_PositiveOverlap,3528,Variable
MTCuttingToolLifeCycleType_Location_Type,3527,Variable
MTCuttingToolLifeCycleType_Location_ValuePrecision,3526,Variable
MTCuttingToolLifeCycleType_Measurements,3140,Object
MTCuttingToolLifeCycleType_ProcessFeedRate,3139,Variable
MTCuttingToolLifeCycleType_ProcessFeedRate_Definition,3538,Variable
MTCuttingToolLifeCycleType_ProcessFeedRate_Maximum,3540,Variable
MTCuttingToolLifeCycleType_ProcessFeedRate_Minimum,3541,Variable
MTCuttingToolLifeCycleType_ProcessFeedRate_Nominal,3542,Variable
MTCuttingToolLifeCycleType_ProcessFeedRate_ValuePrecision,3539,Variable
MTCuttingToolLifeCycleType_ProcessSpindleSpeed,3138,Variable
MTCuttingToolLifeCycleType_ProcessSpindleSpeed_Definition,3533,Variable
MTCuttingToolLifeCycleType_ProcessSpindleSpeed_Maximum,3535,Variable
MTCuttingToolLifeCycleType_ProcessSpindleSpeed_Minimum,3536,Variable
MTCuttingToolLifeCycleType_ProcessSpindleSpeed_Nominal,3537,Variable
MTCuttingToolLifeCycleType_ProcessSpindleSpeed_ValuePrecision,3534,Variable
MTCuttingToolLifeCycleType_ProgramToolGroup,3130,Variable
MTCuttingToolLifeCycleType_ProgramToolNumber,3132,Variable
MTCuttingToolLifeCycleType_ReconditionCount,3137,Variable
MTCuttingToolLifeCycleType_ReconditionCount_Definition,3530,Variable
MTCuttingToolLifeCycleType_ReconditionCount_MaximumCount,3532,Variable
MTCuttingToolLifeCycleType_ReconditionCount_ValuePrecision,3531,Variable
MTCuttingToolLifeCycleType_ToolLifeMinutes,3133,Variable
MTCuttingToolLifeCycleType_ToolLifeMinutes_CountDirection,3507,Variable
MTCuttingToolLifeCycleType_ToolLifeMinutes_Definition,3504,Variable
MTCuttingToolLifeCycleType_ToolLifeMinutes_Initial,3510,Variable
MTCuttingToolLifeCycleType_ToolLifeMinutes_Limit,3509,Variable
MTCuttingToolLifeCycleType_ToolLifeMinutes_MTType,3506,Variable
MTCuttingToolLifeCycleType_ToolLifeMinutes_ValuePrecision,3505,Variable
MTCuttingToolLifeCycleType_ToolLifeMinutes_Warning,3508,Variable
MTCuttingToolLifeCycleType_ToolLifePartCount,3135,Variable
MTCuttingToolLifeCycleType_ToolLifePartCount_CountDirection,3521,Variable
MTCuttingToolLifeCycleType_ToolLifePartCount_Definition,3518,Variable
MTCuttingToolLifeCycleType_ToolLifePartCount_Initial,3524,Variable
MTCuttingToolLifeCycleType_ToolLifePartCount_Limit,3523,Variable
MTCuttingToolLifeCycleType_ToolLifePartCount_MTType,3520,Variable
MTCuttingToolLifeCycleType_ToolLifePartCount_ValuePrecision,3519,Variable
MTCuttingToolLifeCycleType_ToolLifePartCount_Warning,3522,Variable
MTCuttingToolLifeCycleType_ToolLifeWear,3134,Variable
MTCuttingToolLifeCycleType_ToolLifeWear_CountDirection,3514,Variable
MTCuttingToolLifeCycleType_ToolLifeWear_Definition,3511,Variable
MTCuttingToolLifeCycleType_ToolLifeWear_Initial,3517,Variable
MTCuttingToolLifeCycleType_ToolLifeWear_Limit,3516,Variable
MTCuttingToolLifeCycleType_ToolLifeWear_MTType,3513,Variable
MTCuttingToolLifeCycleType_ToolLifeWear_ValuePrecision,3512,Variable
MTCuttingToolLifeCycleType_ToolLifeWear_Warning,3515,Variable
MTCuttingToolMeasurementType,3172,VariableType
MTCuttingToolMeasurementType_Code,3174,Variable
MTCuttingToolMeasurementType_EngineringUnits,3177,Variable
MTCuttingToolMeasurementType_NativeUnits,3176,Variable
MTCuttingToolMeasurementType_SignificantDigits,3173,Variable
MTCuttingToolMeasurementType_Units,3175,Variable
MTCuttingToolType,3101,ObjectType
MTCuttingToolType_CuttingToolLifecycle,3106,Object
MTCuttingToolType_CuttingToolLifecycle_ConnectionCodeMachineSide,3544,Variable
MTCuttingToolType_CuttingToolLifecycle_CutterStatus,3546,Variable
MTCuttingToolType_CuttingToolLifecycle_CutterStatus_Definition,3547,Variable
MTCuttingToolType_CuttingToolLifecycle_CutterStatus_EnumValues,3549,Variable
MTCuttingToolType_CuttingToolLifecycle_CutterStatus_ValueAsText,3550,Variable
MTCuttingToolType_CuttingToolLifecycle_CutterStatus_ValuePrecision,3548,Variable
MTCuttingToolType_CuttingToolLifecycle_CuttingItems,3626,Object
MTCuttingToolType_CuttingToolLifecycle_CuttingItems_Count,3627,Variable
MTCuttingToolType_CuttingToolLifecycle_Location,3575,Variable
MTCuttingToolType_CuttingToolLifecycle_Location_Definition,3576,Variable
MTCuttingToolType_CuttingToolLifecycle_Location_NegativeOverlap,3580,Variable
MTCuttingToolType_CuttingToolLifecycle_Location_PositiveOverlap,3579,Variable
MTCuttingToolType_CuttingToolLifecycle_Location_Type,3578,Variable
MTCuttingToolType_CuttingToolLifecycle_Location_ValuePrecision,3577,Variable
MTCuttingToolType_CuttingToolLifecycle_Measurements,3597,Object
MTCuttingToolType_CuttingToolLifecycle_ProcessFeedRate,3591,Variable
MTCuttingToolType_CuttingToolLifecycle_ProcessFeedRate_Definition,3592,Variable
MTCuttingToolType_CuttingToolLifecycle_ProcessFeedRate_Maximum,3594,Variable
MTCuttingToolType_CuttingToolLifecycle_ProcessFeedRate_Minimum,3595,Variable
MTCuttingToolType_CuttingToolLifecycle_ProcessFeedRate_Nominal,3596,Variable
MTCuttingToolType_CuttingToolLifecycle_ProcessFeedRate_ValuePrecision,3593,Variable
MTCuttingToolType_CuttingToolLifecycle_ProcessSpindleSpeed,3585,Variable
MTCuttingToolType_CuttingToolLifecycle_ProcessSpindleSpeed_Definition,3586,Variable
MTCuttingToolType_CuttingToolLifecycle_ProcessSpindleSpeed_Maximum,3588,Variable
MTCuttingToolType_CuttingToolLifecycle_ProcessSpindleSpeed_Minimum,3589,Variable
MTCuttingToolType_CuttingToolLifecycle_ProcessSpindleSpeed_Nominal,3590,Variable
MTCuttingToolType_CuttingToolLifecycle_ProcessSpindleSpeed_ValuePrecision,3587,Variable
MTCuttingToolType_CuttingToolLifecycle_ProgramToolGroup,3543,Variable
MTCuttingToolType_CuttingToolLifecycle_ProgramToolNumber,3545,Variable
MTCuttingToolType_CuttingToolLifecycle_ReconditionCount,3581,Variable
MTCuttingToolType_CuttingToolLifecycle_ReconditionCount_Definition,3582,Variable
MTCuttingToolType_CuttingToolLifecycle_ReconditionCount_MaximumCount,3584,Variable
MTCuttingToolType_CuttingToolLifecycle_ReconditionCount_ValuePrecision,3583,Variable
MTCuttingToolType_CuttingToolLifecycle_ToolLifeMinutes,3551,Variable
MTCuttingToolType_CuttingToolLifecycle_ToolLifeMinutes_CountDirection,3555,Variable
MTCuttingToolType_CuttingToolLifecycle_ToolLifeMinutes_Definition,3552,Variable
MTCuttingToolType_CuttingToolLifecycle_ToolLifeMinutes_Initial,3558,Variable
MTCuttingToolType_CuttingToolLifecycle_ToolLifeMinutes_Limit,3557,Variable
MTCuttingToolType_CuttingToolLifecycle_ToolLifeMinutes_MTType,3554,Variable
MTCuttingToolType_CuttingToolLifecycle_ToolLifeMinutes_ValuePrecision,3553,Variable
MTCuttingToolType_CuttingToolLifecycle_ToolLifeMinutes_Warning,3556,Variable
MTCuttingToolType_CuttingToolLifecycle_ToolLifePartCount,3567,Variable
MTCuttingToolType_CuttingToolLifecycle_ToolLifePartCount_CountDirection,3571,Variable
MTCuttingToolType_CuttingToolLifecycle_ToolLifePartCount_Definition,3568,Variable
MTCuttingToolType_CuttingToolLifecycle_ToolLifePartCount_Initial,3574,Variable
MTCuttingToolType_CuttingToolLifecycle_ToolLifePartCount_Limit,3573,Variable
MTCuttingToolType_CuttingToolLifecycle_ToolLifePartCount_MTType,3570,Variable
MTCuttingToolType_CuttingToolLifecycle_ToolLifePartCount_ValuePrecision,3569,Variable
MTCuttingToolType_CuttingToolLifecycle_ToolLifePartCount_Warning,3572,Variable
MTCuttingToolType_CuttingToolLifecycle_ToolLifeWear,3559,Variable
MTCuttingToolType_CuttingToolLifecycle_ToolLifeWear_CountDirection,3563,Variable
MTCuttingToolType_CuttingToolLifecycle_ToolLifeWear_Definition,3560,Variable
MTCuttingToolType_CuttingToolLifecycle_ToolLifeWear_Initial,3566,Variable
MTCuttingToolType_CuttingToolLifecycle_ToolLifeWear_Limit,3565,Variable
MTCuttingToolType_CuttingToolLifecycle_ToolLifeWear_MTType,3562,Variable
MTCuttingToolType_CuttingToolLifecycle_ToolLifeWear_ValuePrecision,3561,Variable
MTCuttingToolType_CuttingToolLifecycle_ToolLifeWear_Warning,3564,Variable
MTCuttingToolType_Manufacturers,3103,Variable
MTCuttingToolType_SerialNumber,3102,Variable
MTCuttingToolType_ToolId,3104,Variable
MTDataItemClassType,2425,ObjectType
MTDataItemSubClassType,2476,ObjectType
MTDescriptionType,2053,ObjectType
MTDescriptionType_Data,2057,Variable
MTDescriptionType_Manufacturer,2056,Variable
MTDescriptionType_SerialNumber,2055,Variable
MTDescriptionType_Station,2054,Variable
MTDeviceType,2015,ObjectType
MTDeviceType_Assets,3413,Object
MTDeviceType_Iso841Class,2017,Variable
MTDeviceType_Version,2016,Variable
MTEventClassType,2631,ObjectType
MTLocationDataType,3152,DataType
MTLocationDataType_EnumStrings,3152,Variable
MTLocationType,3153,VariableType
MTLocationType_NegativeOverlap,3158,Variable
MTLocationType_PositiveOverlap,3157,Variable
MTLocationType_Type,3156,Variable
MTMessageClassType,2427,ObjectType
MTMessageEventType,2656,ObjectType
MTMessageEventType_NativeCode,2657,Variable
MTMessageType,2471,VariableType
MTMessageType_Category,2793,Variable
MTMessageType_Constraints,2800,Object
MTMessageType_Constraints_Maximum,2803,Variable
MTMessageType_Constraints_Minimum,2802,Variable
MTMessageType_Constraints_Nominal,2804,Variable
MTMessageType_Constraints_Values,2801,Variable
MTMessageType_MTSubTypeName,2795,Variable
MTMessageType_MTTypeName,2794,Variable
MTMessageType_Name,2792,Variable
MTMessageType_PeriodFilter,2799,Variable
MTMessageType_Representation,2798,Variable
MTMessageType_SampleRate,2797,Variable
MTMessageType_SourceData,2796,Variable
MTMessageType_XmlId,2791,Variable
MTNumericEventClassType,2359,ObjectType
MTNumericEventType,2438,VariableType
MTNumericEventType_Category,2807,Variable
MTNumericEventType_Constraints,2814,Object
MTNumericEventType_Constraints_Maximum,2817,Variable
MTNumericEventType_Constraints_Minimum,2816,Variable
MTNumericEventType_Constraints_Nominal,2818,Variable
MTNumericEventType_Constraints_Values,2815,Variable
MTNumericEventType_CoordinateSystem,2822,Variable
MTNumericEventType_InitialValue,2823,Variable
MTNumericEventType_MTSubTypeName,2809,Variable
MTNumericEventType_MTTypeName,2808,Variable
MTNumericEventType_MinimumDeltaFilter,2826,Variable
MTNumericEventType_Name,2806,Variable
MTNumericEventType_NativeUnits,2821,Variable
MTNumericEventType_PeriodFilter,2813,Variable
MTNumericEventType_Representation,2812,Variable
MTNumericEventType_ResetTrigger,2824,Variable
MTNumericEventType_SampleRate,2811,Variable
MTNumericEventType_SignificantDigits,2819,Variable
MTNumericEventType_SourceData,2810,Variable
MTNumericEventType_Statistic,2820,Variable
MTNumericEventType_Units,2825,Variable
MTNumericEventType_XmlId,2805,Variable
MTReconditionCountType,3160,VariableType
MTReconditionCountType_MaximumCount,3163,Variable
MTRepresentationType,2633,DataType
MTRepresentationType_EnumStrings,2633,Variable
MTResetTriggerType,2636,DataType
MTResetTriggerType_EnumStrings,2636,Variable
MTSampleClassType,2345,ObjectType
MTSampleType,2429,VariableType
MTSampleType_Category,2841,Variable
MTSampleType_Constraints,2848,Object
MTSampleType_Constraints_Maximum,2851,Variable
MTSampleType_Constraints_Minimum,2850,Variable
MTSampleType_Constraints_Nominal,2852,Variable
MTSampleType_Constraints_Values,2849,Variable
MTSampleType_CoordinateSystem,2856,Variable
MTSampleType_InitialValue,2857,Variable
MTSampleType_MTSubTypeName,2843,Variable
MTSampleType_MTTypeName,2842,Variable
MTSampleType_MinimumDeltaFilter,2860,Variable
MTSampleType_Name,2840,Variable
MTSampleType_NativeUnits,2855,Variable
MTSampleType_PeriodFilter,2847,Variable
MTSampleType_Representation,2846,Variable
MTSampleType_ResetTrigger,2858,Variable
MTSampleType_SampleRate,2845,Variable
MTSampleType_SignificantDigits,2853,Variable
MTSampleType_SourceData,2844,Variable
MTSampleType_Statistic,2854,Variable
MTSampleType_Units,2859,Variable
MTSampleType_XmlId,2839,Variable
MTSensorConfigurationType,2046,ObjectType
MTSensorConfigurationType_CalibrationDate,2048,Variable
MTSensorConfigurationType_CalibrationInitials,2050,Variable
MTSensorConfigurationType_Channels,2052,Object
MTSensorConfigurationType_FirwareVersion,2047,Variable
MTSensorConfigurationType_NextCalibrationDate,2049,Variable
MTSeverityDataType,2669,DataType
MTSeverityDataType_EnumStrings,2669,Variable
MTStatisticType,2659,DataType
MTStatisticType_EnumStrings,2659,Variable
MTStringEventClassType,2361,ObjectType
MTStringEventType,2433,VariableType
MTStringEventType_Category,2869,Variable
MTStringEventType_Constraints,2876,Object
MTStringEventType_Constraints_Maximum,2879,Variable
MTStringEventType_Constraints_Minimum,2878,Variable
MTStringEventType_Constraints_Nominal,2880,Variable
MTStringEventType_Constraints_Values,2877,Variable
MTStringEventType_MTSubTypeName,2871,Variable
MTStringEventType_MTTypeName,2870,Variable
MTStringEventType_Name,2868,Variable
MTStringEventType_PeriodFilter,2875,Variable
MTStringEventType_Representation,2874,Variable
MTStringEventType_SampleRate,2873,Variable
MTStringEventType_SourceData,2872,Variable
MTStringEventType_XmlId,2867,Variable
MTThreeSpaceSampleType,2641,VariableType
MTThreeSpaceSampleType_Category,2883,Variable
MTThreeSpaceSampleType_Constraints,2890,Object
MTThreeSpaceSampleType_Constraints_Maximum,2893,Variable
MTThreeSpaceSampleType_Constraints_Minimum,2892,Variable
MTThreeSpaceSampleType_Constraints_Nominal,2894,Variable
MTThreeSpaceSampleType_Constraints_Values,2891,Variable
MTThreeSpaceSampleType_CoordinateSystem,2898,Variable
MTThreeSpaceSampleType_EngineeringUnits,2642,Variable
MTThreeSpaceSampleType_InitialValue,2899,Variable
MTThreeSpaceSampleType_MTSubTypeName,2885,Variable
MTThreeSpaceSampleType_MTTypeName,2884,Variable
MTThreeSpaceSampleType_MinimumDeltaFilter,2902,Variable
MTThreeSpaceSampleType_Name,2882,Variable
MTThreeSpaceSampleType_NativeUnits,2897,Variable
MTThreeSpaceSampleType_PeriodFilter,2889,Variable
MTThreeSpaceSampleType_Representation,2888,Variable
MTThreeSpaceSampleType_ResetTrigger,2900,Variable
MTThreeSpaceSampleType_SampleRate,2887,Variable
MTThreeSpaceSampleType_SignificantDigits,2895,Variable
MTThreeSpaceSampleType_SourceData,2886,Variable
MTThreeSpaceSampleType_Statistic,2896,Variable
MTThreeSpaceSampleType_Units,2901,Variable
MTThreeSpaceSampleType_XmlId,2881,Variable
MTToolLifeType,3142,VariableType
MTToolLifeType_CountDirection,3146,Variable
MTToolLifeType_Initial,3149,Variable
MTToolLifeType_Limit,3148,Variable
MTToolLifeType_MTType,3145,Variable
MTToolLifeType_Warning,3147,Variable
MachineAxisLockSubClassType,2534,ObjectType
MaintenanceSubClassType,2536,ObjectType
ManualUnclampSubClassType,2538,ObjectType
MassClassType,2301,ObjectType
MaterialChangeClassType,2235,ObjectType
MaterialChangeClassType_EnumStrings,3081,Variable
MaterialClassType,2369,ObjectType
MaterialFeedClassType,2231,ObjectType
MaterialFeedClassType_EnumStrings,3080,Variable
MaterialHandlerInterfaceType,2116,ObjectType
MaterialLoadClassType,2241,ObjectType
MaterialLoadClassType_EnumStrings,3083,Variable
MaterialRetractClassType,2238,ObjectType
MaterialRetractClassType_EnumStrings,3082,Variable
MaterialUnloadClassType,2244,ObjectType
MaterialUnloadClassType_EnumStrings,3084,Variable
MaterialsType,2118,ObjectType
MaximumSubClassType,2540,ObjectType
MessageClassType,2403,ObjectType
MessageDataType,2653,DataType
MinimumSubClassType,2542,ObjectType
MohsSubClassType,2544,ObjectType
MoleSubClassType,2546,ObjectType
MotionProgramClassType,2421,ObjectType
MotionSubClassType,2548,ObjectType
NoScaleSubClassType,2550,ObjectType
OnOffDataType,2204,DataType
OnOffDataType_EnumStrings,2204,Variable
Opc.Ua.MTConnect(Binary),2729,Variable
Opc.Ua.MTConnect(Binary)_Deprecated,2732,Variable
Opc.Ua.MTConnect(Binary)_NamespaceUri,2731,Variable
Opc.Ua.MTConnect(XML),2733,Variable
Opc.Ua.MTConnect(XML)_Deprecated,2736,Variable
Opc.Ua.MTConnect(XML)_NamespaceUri,2735,Variable
OpenChuckClassType,2253,ObjectType
OpenChuckClassType_EnumStrings,3087,Variable
OpenDoorClassType,2247,ObjectType
OpenDoorClassType_EnumStrings,3085,Variable
OpenStateDataType,2201,DataType
OpenStateDataType_EnumStrings,2201,Variable
OperatingSubClassType,2552,ObjectType
OperatorIdClassType,2371,ObjectType
OperatorSubClassType,2554,ObjectType
OptionalStopSubClassType,2556,ObjectType
OverrideSubClassType,2558,ObjectType
PHClassType,2307,ObjectType
PalletIdClassType,2373,ObjectType
PartChangeClassType,2259,ObjectType
PartChangeClassType_EnumStrings,3089,Variable
PartCountClassType,2355,ObjectType
PartIdClassType,2375,ObjectType
PartNumberClassType,2377,ObjectType
PathFeedrateClassType,2303,ObjectType
PathFeedrateOverrideClassType,3628,ObjectType
PathModeClassType,2215,ObjectType
PathModeClassType_EnumStrings,3075,Variable
PathModeDataType,2209,DataType
PathModeDataType_EnumStrings,2209,Variable
PathPositionClassType,2305,ObjectType
PathType,2120,ObjectType
PersonnelType,2122,ObjectType
PneumaticType,2124,ObjectType
PositionClassType,2309,ObjectType
PowerFactorClassType,2311,ObjectType
PowerStateClassType,2218,ObjectType
PowerStateClassType_EnumStrings,3076,Variable
PoweredSubClassType,2562,ObjectType
PressureClassType,2313,ObjectType
PrimarySubClassType,2560,ObjectType
ProbeSubClassType,2564,ObjectType
ProcessPowerType,2126,ObjectType
ProcessSubClassType,2566,ObjectType
ProcessTimerClassType,2315,ObjectType
ProgramClassType,2379,ObjectType
ProgramCommentClassType,2385,ObjectType
ProgramEditClassType,2221,ObjectType
ProgramEditClassType_EnumStrings,3077,Variable
ProgramEditDataType,2210,DataType
ProgramEditDataType_EnumStrings,2210,Variable
ProgramEditNameClassType,2381,ObjectType
ProgramHeaderClassType,2383,ObjectType
ProgrammedSubClassType,2568,ObjectType
ProtectiveType,2128,ObjectType
QualifierDataType,2668,DataType
QualifierDataType_EnumStrings,2668,Variable
RadialSubClassType,2570,ObjectType
RapidSubClassType,2572,ObjectType
RelativeSubClassType,2574,ObjectType
RemainingSubClassType,2576,ObjectType
RequestSubClassType,2578,ObjectType
ResistenceClassType,2317,ObjectType
ResourcesType,2130,ObjectType
ResponseSubClassType,2580,ObjectType
RockwellSubClassType,2582,ObjectType
RotaryModeClassType,2224,ObjectType
RotaryModeClassType_EnumStrings,3078,Variable
RotaryModeDataType,2211,DataType
RotaryModeDataType_EnumStrings,2211,Variable
RotarySubClassType,2584,ObjectType
RotaryType,2132,ObjectType
RotaryVelocityClassType,2319,ObjectType
RotaryVelocityOverrideClassType,2357,ObjectType
SensorType,2134,ObjectType
SerialNumberClassType,2387,ObjectType
SetUpSubClassType,2586,ObjectType
ShoreSubClassType,2588,ObjectType
SoundLevelClassType,2321,ObjectType
SpindleInterlockClassType,2212,ObjectType
SpindleInterlockClassType_EnumStrings,3074,Variable
StandardSubClassType,2590,ObjectType
StockType,2136,ObjectType
StrainClassType,2323,ObjectType
SwitchedSubClassType,2592,ObjectType
SystemClassType,2423,ObjectType
SystemsType,2138,ObjectType
TargetSubClassType,2594,ObjectType
TemperatureClassType,2325,ObjectType
TensionClassType,2327,ObjectType
ThreeSpaceSampleDataType,2637,DataType
TiltClassType,2329,ObjectType
ToolAssetIdClassType,2389,ObjectType
ToolChangeStopSubClassType,2596,ObjectType
ToolEdgeSubClassType,2598,ObjectType
ToolGroupSubClassType,2600,ObjectType
ToolNumberClassType,2391,ObjectType
ToolOffsetClassType,2393,ObjectType
ToolSubClassType,2602,ObjectType
ToolingDeliveryType,2140,ObjectType
TorqueClassType,2331,ObjectType
UasbleSubClassType,2604,ObjectType
UserClassType,2395,ObjectType
VelocityClassType,2335,ObjectType
VerticalSubClassType,2606,ObjectType
VickersSubClassType,2610,ObjectType
ViscosityClassType,2339,ObjectType
VoltAmpereClassType,2333,ObjectType
VoltAmpereReactiveClassType,2337,ObjectType
VoltageClassType,2341,ObjectType
VolumeSubClassType,2608,ObjectType
WasteDisposalType,2142,ObjectType
WattageClassType,2343,ObjectType
WeightSubClassType,2612,ObjectType
WireClassType,2397,ObjectType
WorkOffsetClassType,2401,ObjectType
WorkholdingClassType,2399,ObjectType
WorkingSubClassType,2614,ObjectType
WorkpieceSubClassType,2616,ObjectType
YesNoDataType,2206,DataType
YesNoDataType_EnumStrings,2206,Variable
http://opcfoundation.org/UA/MTConnect/v2/,2720,Object
http://opcfoundation.org/UA/MTConnect/v2/_IsNamespaceSubset,2725,Variable
http://opcfoundation.org/UA/MTConnect/v2/_NamespacePublicationDate,2724,Variable
http://opcfoundation.org/UA/MTConnect/v2/_NamespaceUri,2722,Variable
http://opcfoundation.org/UA/MTConnect/v2/_NamespaceVersion,2723,Variable
http://opcfoundation.org/UA/MTConnect/v2/_StaticNodeIdTypes,2726,Variable
http://opcfoundation.org/UA/MTConnect/v2/_StaticNumericNodeIdRange,2727,Variable
http://opcfoundation.org/UA/MTConnect/v2/_StaticStringNodeIdPattern,2728,Variable
